language,text,true_Sentiment,predicted_Sentiment
bn,"RT @Eroskwt: ржкрзГржерж┐ржмрзАрж░ рж╕рзЗрж░рж╛ ржЕржирзВржнрзБрждрж┐ ржЯрж╛ ржХрзЛржерж╛ржпрж╝ ржЬрж╛ржирзЗржи???тШ║ ржорж╛ржХрзЗ ржЬрж░рж┐ржпрж╝рзЗ ржзрж░рж╛рж░ ржоржзрзНржпрзЗржЗ рж╕рзЗрж░рж╛ ржЕржирзВржнрзБрждрж┐ржЯрж┐ рж░ржпрж╝рзЗржЫрзЗ!
#ржЗржХрж░рж┐",positive,positive
bn,"@SadiaJahanEva ржмрзБржХрзЗрж░ ржжрзБржзрзЗ ржиржЬрж░ ржкржбрж╝рзЗ
ржкрж╛рждрж┐рж▓рзЗ рж░рж╛ржЦрж╛ ржжрзБржзрзЗ рж╕рзНржмрж░ ржкржбрж╝",neutral,neutral
bn,@Tanjila32 ржЖржкржирж┐ ржЖрж░ ржХржд ржмржЫрж░ ржмрж╛ржБржЪрждрзЗ ржЪрж╛ржи?,negative,negative
bn,ржЯрзЗрж╕рзНржЯрзЗ ржЕржирзНржпрждржо рж╕рзЗрж░рж╛ ржУржкрзЗржирж╛рж░ ржЗржорж░рзБрж▓ржХрзЗ ржмрж╛ржж ржжрж┐ржпрж╝рзЗ рж╕рж╛ржжржорж╛ржиржХрзЗ ржирзЗржпрж╝рж╛ ржЙржЪрж┐рзО рж╣ржпрж╝ ржирж┐ред тАФ watching Bangladesh vs Newzeland,neutral,neutral
bn,ржПрждрзЛ ржЖржЧрзБржи рж▓рж╛ржЧрж╛рж░ ржкрж┐ржЫржирзЗ ржХрж┐ ржХрзЛржи ржжрж▓рзЗрж░ рж╣рж╛ржд ржерж╛ржХрждрзЗ ржкрж╛рж░рзЗ?,negative,neutral
bn,@SadiaJahanEva рж╢рж░,neutral,neutral
bn,@bdnews24com ржЬрж╛рждрзАржпрж╝ ржирж┐рж░рзНржмрж╛ржЪржирзЗ ржпржжрж┐ рзмрзж%ржнрзЛржЯ ржХрж╛рж╖рзНржа рж╣ржпрж╝ рждрж╛рж╣рж▓рзЗ ржП ржирж┐рж░рзНржмрж╛ржЪржирзЗржУ рж╣ржмрзЗ ред,neutral,neutral
bn,ржЖржЬ ржирж┐рж░рзБрждрзНрждрж╛ржк ржнрзЛржЯ https://t.co/XosGinXsf8 https://t.co/jUSS1MDKdm,neutral,neutral
bn,"@TaslimAkterAkhi ржкрзГржерж┐ржмрзАрж░ЁЯМО ржЕржирзЗржХрзЗ рж╣ржпрж╝ржд рждрзЛржорж╛ржХрзЗЁЯСЙ ржХрж╖рзНржЯ ржжрж┐ржпрж╝рзЗржЫрзЗ,
рждржмрзЗ рж╕ржоржпрж╝рзЗрж░ ржкрж░рж┐ржмрж░рзНрждржирзЗ рждрзБржорж┐ рждрж╛ ржнрзБрж▓рзЗ ржЧрзЗржЫ ред
ржХрж┐ржирзНрждрзБ рждрзЛржорж╛рж░ ржкрзНтАж https://t.co/xmfhOOZH7E",positive,positive
bn,"ржУржорж╛ржирзЗ ржПржХржЬржи ржЧрзГрж╣рж┐ржирзА  рж▓рж╛ржЧржмрзЗ 
ржнрж┐рж╕рж╛ ржлрзНрж░рж┐ 
ржпрзЛржЧрж╛ржпрзЛржЧ ржХрж░рзБржи 0096894157396",neutral,neutral
bn,"рзпрзп.рзпрзп% рж╢рж░рзАржпрж╝ржд ржЖржорж▓ ржХрж░рж▓рзЛ рзж.рзжрзз% ржЕржмрж╣рзЗрж▓рж╛ ржХрж░рж▓рзЛ рж╕рзЗ ржирж╛-рж╣ржХрзНржмред
рж╢рж░рзАржпрж╝ржд ржЕржмрж╣рзЗрж▓рж╛ рж╣рж▓рзЗ рж╢рж╛рж╕рзНрждрж┐ ржкрж╛ржмрзЗред
ржЖржХрзНржмрж┐ржжрж╛ ржмрж┐рж╢рзБржжрзНржз ржирж╛ рж╣рж▓рзЗ ржИржорж╛ржи ржерж╛ржХржмрзЗржирж╛ред",negative,negative
bn,"ржнрж╛рж░рждрзАржпрж╝ ржпрзБржжрзНржзржмрж┐ржорж╛ржи ржЧрзБрж▓рж┐ ржХрж░рзЗ ржнрзВржкрж╛рждрж┐ржд ржХрж░рзЗржЫрзЗ ржкрж╛ржХрж┐рж╕рзНрждрж╛ржи, рзи ржкрж╛ржЗрж▓ржЯ ржирж┐рж╣ржд https://t.co/XuEsgyB2pB",negative,neutral
bn,"рж╕рзНржмржкрзНржи ржЖрж░ ржжрзЗржЦрж┐ ржирж╛!
рж╕рзНржмржкрзНржи ржжрзЗржЦрж╛ржирзЛрж░ ржЪрзЗрж╖рзНржЯрж╛ ржХрж░рж┐редЁЯШК",negative,negative
bn,ржмрж╛ржВрж▓рж╛ ржирж┐ржЙржЬ,neutral,neutral
bn,"RT @captaintmtsteel: ржЖржкржирж╛рж░ рж╕рзНржмржкрзНржи ржПржЦржи ржЖржкржирж╛рж░ рж╣рж╛рждрзЗрж░ ржорзБржарзЛржпрж╝ред ржПржЦржиржЗ https://t.co/a2vfbSVubm -ржП ржпрж╛ржи ржПржмржВ рж╕ржмрж╛ржЗржХрзЗ ржорж╛рждрж┐ржпрж╝рзЗ рждрзБрж▓рзБржи ржЖржкржирж╛рж░ ржХржерж╛ржпрж╝,ржЧрж╛ржирзЗ ржмрж╛тАж",positive,positive
bn,@PoranerP ржирж╛ржЗрж╕,positive,positive
bn,@mm11223318 ржаржлржл,neutral,neutral
bn,"ржПржмрж╛рж░ ржЖржЧрзБржирзЗ ржкрзБржбрж╝рзЗ ржЫрж╛ржЗ рж╣ржпрж╝рзЗ ржЧрзЗржЫрзЗ ржнрж╛рж╖рж╛ржгржЯрзЗржХрзЗрж░ ржмрж╕рзНрждрж┐ ржЖрж░ ржХрзЗрж░рж╛ржгрзАржЧржЮрзНржЬ ржкрж╛ржУржпрж╝рж╛рж░ рж╕рзНржЯрзЗрж╢ржи!!

ржмрзНржпрж╛ржкрж╛рж░ржЯрж╛ ржХрж┐??

ржХрж┐ржнрж╛ржмрзЗ ржШржЯржЫрзЗ ржШржЯржирж╛ ржЧрзБтАж https://t.co/1M0AjsqNSG",negative,neutral
bn,"ржЖржорж╛рж░рзЗ ржХрзЗржЙ ржПржХржЯрзБ ржШрзБржо ржжрж┐ржмрж╛
рж░рж╛ржд рж╢рзЗрж╖ рж╣ржпрж╝рзЗ ржнрзЛрж░ рж╣ржпрж╝рзЗ ржпрж╛ржЪрзНржЫрзЗ
ржЖржорж╛рж░ ржШрзБржо ржЖрж╣рзЗ ржирж╛ ржХрзНржпрж╛рж░рзЗ!!",negative,neutral
bn,"RT @ZeeBanglaCinema: ""ржПржХржмрж╛рж░ ржмрж╛ржВрж▓рж╛ рж╕рж┐ржирзЗржорж╛рж░ рж░рж┐ржирж╛ ржмрзНрж░рж╛ржЙржи рж╣рждрзЗ ржЪрж╛ржЗ"" - @srabantismile  
ржжрзЗржЦрзБржи 17th March @ 6pm #ZeeBanglaCinema -рж░ ржоржЮрзНржЪрзЗ рж╢рждрж╛ржмрзНржжрзАрж░тАж",positive,positive
bn,"рж╣ржЬрж░ржд ржЖржпрж╝рзЗрж╢рж╛ (рж░рж╛.) ржмрж▓рзЗржи, тАШржпржЦржи ржЖржХрж╛рж╢ ржорзЗржШрж╛ржЪрзНржЫржирзНржи рж╣рждрзЛ ржПржмржВ ржЭржбрж╝рзЛ ржмрж╛рждрж╛рж╕ ржмржЗржд; рждржЦржи рж░рж╛рж╕рзБрж▓рзБрж▓рзНрж▓рж╛рж╣ (рж╕рж╛.)-ржПрж░ ржЪрзЗрж╣рж╛рж░рж╛ржпрж╝ https://t.co/DTCFYFjBU5",neutral,neutral
bn,RT @Farhana_Rahi: ржПржХржЯрж┐ ржмржЗ рж╣рж╛ржЬрж╛рж░рзЛ ржкржмрж┐рждрзНрж░ ржЕржирзБржнрзВрждрж┐рж░ ржкрзНрж░рждрзАржХ...ЁЯТЩЁЯТЩЁЯТЩтЭдя╕П https://t.co/7QFGxAm6Xq,positive,positive
bn,"ржЖржорж┐ рж░рж┐ржпрж╝рзЗрж▓ ржорж╛ржжрзНрж░рж┐ржж, ржмрж╛рж░рзНрж╕рзЗрж▓рзЛржирж╛, ржЪрзЗрж▓рж╕рж┐ ржмрж╛ ржЬрзБржнрзЗржирзНржЯрж╛рж╕ ржХрзЛржи ржХрзНрж▓рж╛ржмрзЗрж░ ржЦрзЗрж▓рж╛ ржжрзЗржЦрж┐ржирж╛ред ржПржоржиржХрж┐ ржХрзЛржи ржкрзНрж░рж┐ржорж┐ржпрж╝рж╛рж░ рж▓рж┐ржЧ ржПржЗ рж▓рж┐ржЧ рж╕рзЗржЗ рж▓рж┐ржЧтАж https://t.co/29l5YxbMt9",negative,negative
bn,@zgd4ogmtm1 ржЬржЬржЬржЬ,neutral,neutral
bn,"RT @ZeeBanglaCinema: ржПржмрж╛рж░ #ZeeBanglaCinema рждрзЗ рждрж╛рж░ржХрж╛ржжрзЗрж░ ржнрж┐ржбрж╝, ржЖрж╕ржЫрзЗ рж╢рждрж╛ржмрзНржжрзАрж░ ржорзЗржЧрж╛ рж╢рзЛ #100eEkShow ржЪрзЛржЦ рж░рж╛ржЦрзБржиред #100YearsOfBanglaCinema @AnkushLoтАж",positive,positive
bn,@zgd4ogmtm1 рж╣рж╣рж╣рж╣рж╣,neutral,neutral
bn,рж╕рзЗржЮрзНржЪрзБрж░рж┐рж░ ржкржерзЗ рждрж╛ржорж┐ржо https://t.co/AJpjDy5BYw,positive,positive
bn,ржкрзНрж░ржХрзГрждрж┐ ржжрзНржмрж╛рж░рж╛ ржмрзЗрж╖рзНржЯрж┐ржд ржПржХ ржЕрж╕рж╛ржзрж╛рж░ржг ржмрж╛ржбрж╝рж┐ https://t.co/jZrHFopUSC,positive,positive
bn,"RT @ZeeBanglaCinema: ""ржЖржорж┐ ржмржи ржлрзБрж▓ ржЧрзЛ"" - @srabantismile  
ржПржмрж╛рж░ #ZeeBanglaCinema рждрзЗ рждрж╛рж░ржХрж╛ржжрзЗрж░ ржнрж┐ржбрж╝, ржЖрж╕ржЫрзЗ рж╢рждрж╛ржмрзНржжрзАрж░ ржорзЗржЧрж╛ рж╢рзЛ #100eEkShow ржЪрзЛржЦ рж░рж╛ржЦрзБржитАж",positive,positive
bn,ржЯржЯрзЗржирж╣рж╛ржорзЗрж░ рж╣рж╛рж░рзЗрж░ рж╢рждржнрж╛ржЧ рж╕рзБржмрж┐ржзрж╛ ржХрж╛ржЬрзЗ рж▓рж╛ржЧрж┐ржпрж╝рзЗржЫрзЗ ржЖрж░рзНрж╕рзЗржирж╛рж▓ржУ! https://t.co/oUS5BbnKCO,positive,neutral
bn,@albd1971 ржнрж╛рж▓ ржкрзНрж░рж╕рзНрждрж╛ржм ржХрж╛рж░рзНржпржХрж░ ржХрж░рждрзЗ ржкрж╛рж░рж▓рзЗ ржжрзЗрж╢ ржЖрж░ржУ ржЙржирзНржиржд рж╣ржмрзЗред,positive,positive
bn,ржмрж╛ржВрж▓рж╛ржжрзЗрж╢ ржмрж┐ржорж╛ржи ржЫрж┐ржирждрж╛ржЗ || рж╣рж╛ржЬрж╛рж░ ржХрзЛржЯрж┐ ржЯрж╛ржХрж╛рж░ рж╣рж┐рж╕рж╛ржм || ржПржЗржЯрж╛ ржХрзЛржи ржХржерж╛? || biman hijack || Arthik's VlogтАж https://t.co/seF9TrsZ3e,negative,negative
bn,ржЯрж╕рзЗ рж╣рзЗрж░рзЗ ржмрзНржпрж╛ржЯрж┐ржВржпрж╝рзЗ┬аржмрж╛ржВрж▓рж╛ржжрзЗрж╢ https://t.co/usOSSdQbp2 https://t.co/qYMnzKIo6I,neutral,neutral
bn,ржкрзНрж░ржХрзГрждрж┐ ржПржХ ржЕрж╕рж╛ржзрж╛рж░ржг ржЫржмрж┐ ржмрж╛ржВрж▓рж╛ржжрзЗрж╢ https://t.co/dtyL1EpfTq,positive,positive
bn,"ржЖржо ржЧрж╛ржЫрзЗ ржЖржо ржзрж░рзЗ ржирж╛рж░рж┐ржХрзЗрж▓ ржЧрж╛ржЫрзЗ ржврж╛ржм,
ржЫрзЗрж▓рзЗржжрзЗрж░ржХрзЗ ржорж┐рж╕ржХрж▓ ржорж╛рж░рж╛ ржорзЗржпрж╝рзЗржжрзЗрж░ рж╕ржнрж╛ржмредЁЯдг

ржЧрж╛ржЫрзЗрж░ ржмрж▓ рж▓рждрж╛ржкрж╛рждрж╛ ржорж╛ржЫрзЗрж░ ржмрж▓ ржкрж╛ржирж┐,
 ржП ржпрзБржЧрзЗрж░ ржорзЗтАж https://t.co/dYKTgu7snJ",positive,positive
bn,ржУржпрж╝рзЗрж╕рзНржЯ ржЗржирзНржбрж┐ржЬрзЗрж░ ржЖржлрж╕рзЛрж╕ ржХрж░рж╛рж░ ржжрж┐ржи - ржкрзНрж░ржержо ржЖрж▓рзЛ https://t.co/ptWEKEfhtt,negative,negative
bn,ржЗржмрж╛ржжрждрзЗрж░ рж╕рзНржмржкрзНржи ржкрзВрж░ржг https://t.co/jsO4u7mvtH,positive,positive
bn,"ржШрзБржо ржУ ржЕржирзЗржХ рж╕рж╛рж░рзНржержкрж░ред
5:47 ржмрж╛ржЬрзЗ рждрж╛ржУ ржШрзБржо ржЖрж╕рзЗ ржирж╛,ред
#SHIBLU",neutral,neutral
bn,RT @ZeeBanglaCinema: #Tollywood -ржПрж░ рж╕ржм ржерзЗржХрзЗ ржмржбрж╝ рждрж╛рж░ржХрж╛рж░рж╛ #ZeeBanglaCinema -рж░ ржоржЮрзНржЪрзЗред ржжрзЗржЦрзБржи рж╢рждрж╛ржмрзНржжрзАрж░ ржорзЗржЧрж╛ рж╢рзЛ #100eEkShow 17th March @ 6pmред #10тАж,positive,positive
bn,"ржЖржорж╛ржжрзЗрж░ ржзрж░рзНржо ржмрж┐рж╢рзНржмрж╛рж╕-
ржирж┐ржЦрж┐рж▓-ржмрж┐рж╢рзНржм ржЖрж╣ржоржжрзАржпрж╝рж╛ ржорзБрж╕рж▓рж┐ржо ржЬрж╛ржорж╛рждрзЗрж░ ржкржмрж┐рждрзНрж░ ржкрзНрж░рждрж┐рж╖рзНржарж╛рждрж╛ рж╣ржпрж░ржд ржорж┐рж░рзНржпрж╛ ржЧрзЛрж▓рж╛ржо ржЖрж╣ржоржж (ржЖржГ) ржмрж▓рзЗржи,
тАЬржЖржорж░рж╛тАж https://t.co/5MZHzW7lxN",neutral,neutral
bn,@albd1971 ржЦрзБржмржЗ ржжрж░ржХрж╛рж░,neutral,neutral
bn,ржХрж╛ржХрж╛ржмрж╛ржмрзБржУ ржХрж┐ржирзНрждрзБ рж╕рзБржХрзБржорж╛рж░ рж░рж╛ржпрж╝рзЗрж░ ржнржХрзНржд ржЫрж┐рж▓рзЗржи,positive,neutral
bn,"RT @ZeeBanglaCinema: #BanglaCinema &amp; @subhashreesotwe 
#ZeeBanglaCinema ржирж┐ржпрж╝рзЗ ржЖрж╕ржЫрзЗ #Tollywood -ржПрж░ рж╕ржм ржерзЗржХрзЗ ржмржбрж╝ рждрж╛рж░ржХрж╛ржжрзЗрж░ ржПржХ ржоржЮрзНржЪрзЗред ржжрзЗржЦрзБржи рж╢рждрж╛тАж",positive,positive
bn,"рж╕рж┐рж▓рзЗржЯрзЗ рж╕рзНржмрж╕рзНрждрж┐рж░ ржмрзГрж╖рзНржЯрж┐, ржЪрж▓ржЫрзЗ рж░рзМржжрзНрж░ ржУ ржорзЗржШрзЗрж░ ржЦрзЗрж▓рж╛ https://t.co/ACcSlPk1anрж╕рж┐рж▓рзЗржЯрзЗ-рж╕рзНржмрж╕рзНрждрж┐рж░-ржмрзГрж╖рзНржЯрж┐-ржЪ/",positive,positive
bn,"ржпрж┐ржирж┐ рж╕ржмржЪрзЗржпрж╝рзЗ ржХрж╛ржЫрзЗрж░ рждрж┐ржирж┐ ржЖрж▓рзНрж▓рж╛рж╣ред

ржпрж┐ржирж┐ ржЕржкрзВрж░рзНржгрждрж╛ ржХрзЗ ржкрзВрж░рзНржгрждрж╛ ржжрзЗржи рждрж┐ржирж┐ ржЖрж▓рзНрж▓рж╛рж╣ред",positive,positive
bn,"ржмрж╛ржВрж▓рж╛ржжрзЗрж╢ ржмржирж╛ржо ржирж┐ржЙржЬрж┐рж▓рзНржпрж╛ржирзНржб

ржмрж╛ржВрж▓рж╛рж░ ржжрж╛ржорж╛рж▓ ржЫрзЗрж▓рзЗрж░рж╛ ржнрж╛рж▓рзЛржЗ ржЦрзЗрж▓рждрзЗржЫрзЗ,
рж╕рзНржХрзЛрж░ржГрззрззрзн/рзз
рждрж╛ржорж┐ржо рзорзкрж░рж╛ржи*
ржорзБржорж┐ржирзБрж▓ ,рзжрзп

ржЕржнрж┐ржиржирзНржжржи рждрж╛ржорж┐ржо",neutral,neutral
bn,"RT @AhasanOpo: ржнрж┐ржХрзНрж╖рзБржХ ржХрзЗ ржЦрж╛рж▓рж┐ рж╣рж╛рждрзЗ ржлрж┐рж░рж┐ржпрж╝рзЗ
ржжрж┐ржУржирж╛,ржХрж╛рж░ржг ржПржЯрж╛ рждрзЛржорж╛рж░ ржЙржкрж░ ржЖрж▓рзНрж▓рж╛рж╣рж░ ржжржпрж╝рж╛ ржпрзЗ
рждрж┐ржирж┐-рждрж╛рж░ рж╕рзГрж╖рзНржЯрж┐ ржХрзЗ рждрзЛржорж╛рж░  ржжрзБржпрж╝рж╛рж░рзЗ
ржкрж╛ржарж┐ржпрж╝рзЗржЫрзЗржиред",neutral,neutral
bn,@CDbipLZZ4s00yYH @MdShafkat ржЪрзБрж▓ржЧрзБрж▓рзЛ ржкрж╛ржЗржХрж╛ ржЧрзЗржЫрзЗ ржмрж╛рждрж╛рж╕рзЗ,neutral,neutral
bn,ржоржЬрж╛ржжрж╛рж░ рж╣рж╛рж╕рж┐рж░ ржЬрзЛржХрж╕ржЯрж┐ ржкржбрж╝рзЗ ржирж┐ржи https://t.co/ct1dQLwzrp,neutral,neutral
bn,"RT @CDbipLZZ4s00yYH: ЁЯШБЁЯШБржЫржмрж┐рж░ рж╕рж╛ржерзЗ ржпрж╛ржпрж╝......
ЁЯШЖЁЯШЖржПржоржи ржПржХржЯрж┐ЁЯШЖЁЯШЖ
ржЧрж╛ржи ржПрж░ рзз/рзи рж▓рж╛ржЗржи ржмрж▓рзЗржи ЁЯШКЁЯШКтЬМ https://t.co/1PVtmEbyky",neutral,neutral
bn,"ржПржЗржорж╛рждрзНрж░, ржХржарзЛрж░ ржЖржирзНржжрзЛрж▓ржирзЗ рж╕рж░ржХрж╛рж░рзЗрж░ ржкрждржи ржШржЯрж╛ржирзЛ рж╣ржмрзЗ ржмрж▓рзЗ рж╣рзБржБрж╢рж┐ржпрж╝рж╛рж░рж┐ ржжрж┐ржпрж╝рзЗ ржПржХрж┐ ржмрж▓рж▓рзЗ... https://t.co/QKF68CyfMs via @YouTube",negative,negative
bn,ржжрж┐ржи ржжрж┐ржи рж╣рж┐ржЬрж░рж╛ржжрзЗрж░ ржЕрждрзНржпрж╛ржЪрж╛рж░ ржмрзГржжрзНржзрж┐ ржкрж╛ржЪрзНржЫрзЗ https://t.co/ACcSlPk1anржжрж┐ржи-ржжрж┐ржи-рж╣рж┐ржЬрж░рж╛ржжрзЗрж░-ржЕрждрзНржпрж╛ржЪрж╛/,negative,negative
bn,ржнрж╛рж╖рж╛ржиржЯрзЗржХ ржмрж╕рзНрждрж┐рж░ ржЖржЧрзБржи┬аржирж┐ржпрж╝ржирзНрждрзНрж░ржгрзЗ https://t.co/iCSuQIoA1u https://t.co/132rK6ubqE,positive,positive
bn,ржжрж╛рж░рзБржЪрж┐ржирж┐рж░ ржХрзМржЯрж╛ржпрж╝ ржЕрж╕ржВржЦрзНржп ржкрж┐ржБржкржбрж╝рзЗрж░ ржбрж┐ржоред,neutral,neutral
bn,RT @ZeeBanglaCinema: #Tollywood -ржПрж░ рж╕ржм ржерзЗржХрзЗ ржмржбрж╝ рждрж╛рж░ржХрж╛рж░рж╛ #ZeeBanglaCinema -рж░ ржоржЮрзНржЪрзЗред ржжрзЗржЦрзБржи рж╢рждрж╛ржмрзНржжрзАрж░ ржорзЗржЧрж╛ рж╢рзЛ #100eEkShow 17th March @ 6pmред #10тАж,neutral,positive
bn,ржкрж╛ржХрж┐рж╕рзНрждрж╛ржиржХрзЗ ржЕржХрзБржгрзНржа рж╕ржорж░рзНржержи ржжрж┐рж▓ рждрзБрж░рж╕рзНржХ https://t.co/lxue1AF8EE,positive,positive
bn,"ржмрж┐ржпрж╝рзЗ ржкрж╛ржЧрж▓ ржирж╛ржЯржХрзЗрж░ ржоржЬрж╛рж░ ржжрзГрж╢рзНржп ЁЯШДЁЯШЖ
ржкрзБрж░рзЛ ржирж╛ржЯржХ ржжрзЗржЦрзБржи ржЖржорж╛ржжрзЗрж░ ржЗржЙржЯрж┐ржЙржм ржЪрзНржпрж╛ржирзЗрж▓ ржП : https://t.co/OGC5lsxwby https://t.co/BxwTG1q3dE",neutral,neutral
bn,"ржпрзЗ ржжрзБржз ржмрж┐ржХрзНрж░рж┐ ржХрж░рзЗ рж╕рзЗ ржорж╛ржирзБрж╖рзЗрж░ ржжрзБржпрж╝рж╛рж░рзЗ ржШрзЛрж░рзЗ,ЁЯШ╢

ржЖрж░......ржпрзЗ ржоржж ржмрж┐ржХрзНрж░рж┐ ржХрж░рзЗ ржорж╛ржирзБрж╖ рждрж╛рж░ ржжрзБржпрж╝рж╛рж░рзЗ ржШрзЛрж░рзЗред ЁЯШР",neutral,neutral
bn,@RJ_________3 рж╕рзНржмрж╛ржЧрждржо,neutral,neutral
en,Clown me na https://t.co/EvpLx0qbTT,neutral,neutral
en,RT @queeninnn_: who the fuCK CHANGED THE SOUND LMAOOOO https://t.co/OByaHW5AjZ,negative,negative
en,"RT @krassenstein: Michael Cohen just testified that the President, Don Jr. and Allen Weisselberg all conspired with him in a criminal conspтАж",negative,neutral
en,good night ~,positive,neutral
en,RT @crucialstates: i canтАЩt believe some of yтАЩall still think pitbulls are the most aggressive dogs out there when fucking chihuahuas exist,negative,negative
en,RT @marceldesailly: Congratulations @ChelseaFC for Victory Vs @SpursOfficial тЪ╜я╕ПЁЯЩПЁЯП╛ https://t.co/Ok6lEJkcsO,positive,positive
en,IтАЩve got an interview for a hotel dept supervisor for my company and it feels nice,positive,positive
en,@UsaidMuneeb16 @IvankaTrump Your experience is very limited.  Unfortunately I have seen many able bodied willing toтАж https://t.co/FNZzw6z1rm,negative,negative
en,Check out this Technical Deep-Dive of @SUSE #CaaS Platform and #Container Runtimes https://t.co/dAIA22csnI,neutral,neutral
en,i wish aj was a drinker. ЁЯШй iтАЩm tryna get drunk this weekend ЁЯШн,positive,positive
en,@EBraeden i love catching you in westerns! Tonight?? #thevirginian i had no idea you made so many westerns. But no тАШstache ЁЯШв,positive,positive
en,"RT @_keuxx: Fam.
I know you've worked so hard..
And we've surpassed Shoot Out era achievements.
Its enough to be ecstatic.
BUT
we aint overтАж",positive,positive
en,RT @BearellRoller: Esports Linne says тАЬsignup for unist at evo!тАЭ https://t.co/MGgnVBajeu,neutral,neutral
en,"RT @911well: All our dreams can come true.. if we have the courage to pursue them.
- Walt Disney",positive,positive
en,RT @xHiLeAl_DeBestx: ItтАЩs that sad feeling that keeps us moving. https://t.co/aXtnsyhTTe,negative,negative
en,Watching тАЬThe JumpтАЭ on espn . 30 minutes and not a mention of the Milwaukee #Bucks  .@Rachel__Nichols  can we pleasтАж https://t.co/q7FsBZe1OQ,neutral,neutral
en,"RT @iamdraasdam: purposeful tweet
I'm still working on something a little more pithy for you @agnezmo. Perhaps, you become the most consequтАж",neutral,neutral
en,RT @thisisanfield: тЖкя╕П Trent Alexander-Arnold is the youngest ever player to record three assists in a Premier League match. https://t.co/8WтАж,neutral,neutral
en,"RT @plumcrumble: ANERKENNUNG - RECOGNITION. Extraordinary! A Museum in Oldenburg, Germany, featured Zebedee Models in their Exhibition on EтАж",neutral,neutral
en,RT @DonaldJTrumpJr: Twitter Tells Michelle Malkin to Lawyer Up for Breaking SHARIA LAW - Big League Politics  https://t.co/Lb5TgUhsIz,neutral,negative
en,I want another wagon,positive,positive
en,RT @ka1rla: I whisper тАЬThe fuckтАЭ to myself at least 15 times a day,neutral,negative
en,RT @echospectrum: Bob Ross painting an abandoned shopping mall,negative,neutral
en,RT @MornixNL: @wikileaks Wikileaks can tweet whatever it wants but everybody knows they lost all credibility with their actions before theтАж,negative,negative
en,@BieberSquadBRA @biba_lacradora @justinbieber Dois @justinbieber #Beliebers #BestFanArmy #iHeartAwards,neutral,neutral
en,RT @Jonathan_Feigen: Rockets' Chris Paul chooses to forgo rest in favor of playing Heat https://t.co/1VrGm5Mvcv,positive,positive
en,@LederGames They're such a cool way to explore the worlds and provide context.  I'm hoping he eventually does a RPGтАж https://t.co/eOG1Rq5G2T,positive,positive
en,"RT @HeyyAndie: 15. What are your travel plans? 

#ALDUBxDGArtistTambayan
#ALDUB189thWeeksary",neutral,neutral
en,RT @mjulio777pr: Hispanic Moms when they find out you got a Tattoo https://t.co/Hrn3MZl7kT,neutral,neutral
en,@sugarfuzz I howled ЁЯШВЁЯШВЁЯШВ,neutral,neutral
en,@jovi9280 Dawg thatтАЩs a good question cause they only found one shell casing from with inside the car and found 8 oтАж https://t.co/ozll7rLRcf,positive,positive
en,RT @FHSUSecSacad: We have a winner! @FortHaysState 2019 Kansas Capitol Graduate Research Summit #CGRS winner Aline Rodrigues de Queiroz advтАж,positive,positive
en,fr tho https://t.co/SinIuk4gq1,neutral,neutral
en,RT @Nicole72Nicole: Due to personal reasons im gonna start snorting my pre workout,neutral,neutral
en,RT @ArianaGrande: youтАЩll never kno,neutral,neutral
en,Me thinking should i go to the toilet or not,neutral,neutral
en,RT @janeosanders: Share the entire 4-minute testimony by @AOC to clearly demonstrate professional conduct and leadership. Her questioning eтАж,positive,neutral
en,RT @B_hundred_Hyun: Thankyou for coming #prive #bebrave #behumble https://t.co/uY3kFdjXvx,neutral,neutral
en,@BuckSexton I had to work today to pay for the тАЬNew Green DealтАЭ.,negative,negative
en,does your mom want to adopt me cause these angles!...so loyal https://t.co/IiLZ2YQKJo,positive,positive
en,RT @TheMedicalShots: Leg press goes terribly wrong! https://t.co/1gqRdCibWI,negative,negative
en,"Kim: ""I hope we can make fruitful achievements that many people are waiting for, and I will try my best."" Trump: ""WтАж https://t.co/BcrmGVuWaf",positive,positive
en,RT @ScribbleUp: ItтАЩs weird how nobody talks about this shit https://t.co/Ud7K15fdWG,negative,neutral
en,"RT @dreamarlowe85: Does Paducah Tilghman's Avery Strayhorn have the best hair in west Kentucky?

The only answer is ""yes."" https://t.co/zYsтАж",positive,positive
en,@keyyysssssss pretty healthy,positive,positive
en,They looked like a childтАЩs drawings. Standing still. Sticks.,positive,positive
en,RT @DavidCornDC: I could tweet this every minute: Why are Republicans not in the least bit concerned about a president who secretly negotiaтАж,neutral,neutral
en,RT @RetweetToWinUK: Happy #WinItWednesday follow us &amp; winitwednesday_ for loads of the best competitions in one place https://t.co/LLIu9zfeтАж,positive,positive
en,RT @lilnofriends: my doordash driver is talking crazy bro https://t.co/BJZnqR4bCG,negative,neutral
en,@MrJohnNicolson @tomfrench85 As a rule I never swear on social media.  It's not big and it's not clever and I don'tтАж https://t.co/eaYbGY4EFr,negative,negative
en,#Now Playing Bri Briana Babineaux - I'll Be The One https://t.co/SAXrmAkAih,positive,positive
en,"RT @theseoulstory: According to this report, #SEVENTEEN Dokyeom will be part of the musical 'Excalibur' playing the lead role starting JuneтАж",positive,positive
en,RT @sazwanajmi: Supermom :') https://t.co/pY6tTrwNSM,positive,positive
en,Hoping that their rivals promoting them too ЁЯдзЁЯдз https://t.co/P8FBdCEawB,positive,positive
en,@nicomaki_ This anime is still going shiiiieeeet. It's been years,neutral,neutral
en,"RT @robbystarbuck: Rep. Rashida Tlaib just called a black woman @LynnePatton who supports Trump тАЬa prop"" &amp; seemed to accuse Rep. Mark MeadoтАж",positive,positive
en,RT @_Beniexo: WhatтАЩs soooo frustrating about Joy MorganтАЩs death is that there was hardly no news coverage. &amp; now that sheтАЩs been announcedтАж,negative,negative
en,RT @__StevieDrae: Unpopular seafood confession: the corn low key be the best part if itтАЩs super sweet https://t.co/k57bxtv3lu,positive,positive
en,So true! #Veritas #DocendoDiscimus https://t.co/DRX1IJ2ORn,positive,neutral
en,RT @mollyday15: She sits on the esteemed House Foreign Affairs committee receiving classified information as a proud Muslim who hates AmeriтАж,positive,positive
en,RT @nuestroll: Stay alone at a hotel VS stay at home with bros. #NUEST #ып╝эШД https://t.co/27dzNuibhY,negative,neutral
en,RT @chrislhayes: It takes an extremely strenuous effort of pretending to be stupid to not see that *obviously* Trump knew the Russians wereтАж,negative,negative
en,RT @markandmary211: @ASavageNation @neff630 Yeah I left time in jail but I doubt it,negative,negative
en,"RT @PaymentsCardsM: The worldтАЩs decision makers across the Payments, Financial Services and Commerce community will unite at Money20/20 AsiтАж",neutral,neutral
en,RT @OpTicMaNiaC: Sometimes when IтАЩm at a light or standstill traffic I just keep inching up then hitting my brakes just to watch the entireтАж,neutral,neutral
en,Edwardsville School District 7 honors several employees. Congrats to all those making such a positive difference inтАж https://t.co/BblWrZdFmu,positive,positive
en,@scknows @NickEngvall @MattHalfhill @kustoo LEBRON COULDNтАЩT EVEN GO TO A STORE AND BUY HIS OWN SHOE!!! I mean not tтАж https://t.co/bvAs74CMuf,neutral,neutral
en,"WBB: Pitt State Set to Battle Lopers, No. 3 Lady Tigers @GorillasWBB https://t.co/B0AQIejGpb",negative,negative
en,"RT @RoscoeBDavis1: It's clearly intended to be sent from another account and was deleted in less than 60 seconds. 

Three minutes later itтАж",positive,positive
en,"For those adamant that BR is a rat take a look at this cnt.
Now that's a rat https://t.co/51CCp7qq7D",neutral,neutral
en,"RT @NetflixLifee: #Lucifer season 4 is coming to Netflix this spring. We picked out a few possible release dates. 

https://t.co/d9gNHi7PUe",neutral,neutral
en,RT @chstains: olivia colmanтАЩs speeches but itтАЩs just her being iconic with the favourite theme song playing https://t.co/GGFLipHXeD,positive,positive
en,@sandermagat @markvio_ @amberbolos Hi sander,neutral,neutral
en,RT @NateWantsToBtl: My sad son. I will cry with you all the way to the hall of fame. https://t.co/5SSiG06px7,negative,positive
en,hereтАЩs a pic w very shitty quality https://t.co/UMNFgFxNb6,negative,negative
en,RT @tommyxtopher: WATCH: Outraged Non-Racist Mark Meadows Once Told Crowd 'We're Going to Send Obama Home to Kenya' https://t.co/DVSlDIcQVkтАж,negative,negative
en,RT @MzMaryKhalaf: @Harlan @RashidaTlaib @MarkMeadows @LynnePattonHUD Rashida belongs to a community that shuns marriage between Africans orтАж,neutral,neutral
en,"Although deserved, reparations have not been an issue in elections in my lifetime. Now it is a wedge issue to get BтАж https://t.co/plz3uJShKN",neutral,neutral
en,that's MY boy ЁЯШЬЁЯТЭ https://t.co/N1vajcWlAf,neutral,neutral
en,how are all studies and relatively quick inks ha ah ah h a h ha ha,positive,positive
en,"RT @khanak_08: Vinicius junior: we are not afraid of Messi.
Messi: I ....................
Suarez: please hand over the assignment to me, yoтАж",positive,neutral
en,RT @KeyisQueen: I ainтАЩt tryna make it easy for niggas ЁЯШВ &amp; i never will ЁЯд╖тАНтЩАя╕ПЁЯТп,positive,positive
en,Mount Crowe (again) https://t.co/2m6LWF5HSI https://t.co/VD2quQmjll,neutral,neutral
en,@GOP Whoever runs this twitter account is Baghdad Bob without the panache.,neutral,neutral
en,RT @kittyarchive: knock knock https://t.co/Mbmq999R7S,neutral,neutral
en,RT @seungchill17: Waking up early and dokyeom musical and possibly vernxtobi song I am https://t.co/8g08zsTTzp,neutral,neutral
en,@neisiii We wish you the best with school! It's never too early to explore your options. Here is a list of companieтАж https://t.co/wfI4i2YiWb,positive,positive
en,RT @soompi: #EpikHigh Announces #BTS' Suga And #Yuna As Collaborators On New Album https://t.co/GpuGIED6mQ https://t.co/dPdbxFAJgW,neutral,neutral
en,"RT @nbcbrooklyn99: In true #Brooklyn99 fashion, we waited 9 seconds to tell them the good news. ЁЯШП We're coming back, y'all! https://t.co/T3тАж",positive,positive
en,Cause I am more than atoms and potions smoke mirrors and potions. A bag of bones in motion! https://t.co/d2vZ4E4etr,neutral,neutral
en,RT @Jeremym__: Shoutout to jetblue tho ЁЯЗйЁЯЗ┤ЁЯЗйЁЯЗ┤ЁЯЗйЁЯЗ┤ЁЯЗйЁЯЗ┤ЁЯЗйЁЯЗ┤ЁЯЗйЁЯЗ┤ https://t.co/81xF8Ou4gC,neutral,neutral
en,@RedaMor_ As do I.  It is his need to be in the center and control others.,neutral,neutral
en,"Win 2 of five seats, still in the minority in both legislative chambers...momentum? ThatтАЩs a low bar.  https://t.co/tfbIH2dpoj",positive,positive
en,@banky_mair @SteveScalise Your key word here is тАЬnaturallyтАЭ. All people will die at some point in time of тАЬnaturalтАЭтАж https://t.co/FnARZYGuaV,negative,negative
en,RT @Ruleyork: If yтАЩall change your name back to the Rochester Royals IтАЩll lift the curse lmao ЁЯШВ @SacramentoKings,positive,positive
en,"Attention Eagle family ЁЯЪи
IтАЩm asking for help around the community that if you or someone you know has a Mattress SaтАж https://t.co/xk4d3jvE3n",positive,positive
en,RT @Rambobiggs: HeтАЩs the perfect example of a democrat. Take no responsibility for your actions. Pivot away from your mistakes at all timesтАж,neutral,neutral
en,"RT @experimentbooks: In case you missed it: it's not too late to treat yourself to one of these delicious #vegan #recipes 
https://t.co/OHJтАж",positive,positive
en,Weather 2/27/2019 5:00 PM: 40.5F 60% humidity 29.619inHg Wind N/0.00mph Rain today 0.00in,neutral,neutral
en,@WeAllArePFDJ @reportergirlERI Beautiful....,neutral,neutral
en,@josiahh1k @MeekMill He get out he going to witness protection heтАЩll never show his face around street niggas again.,negative,neutral
hi,"RT @rahulroushan: рдмрдВрджреВрдХ рд╕реЗ рдХреНрд░рд╛рдВрддрд┐ рд╡рд╛рд▓реЛрдВ рдХреЗ рдореБрдВрд╣ рд╕реЗ рдирд┐рдХрд▓реЗ рдЬрдм рд╢рд╛рдВрддрд┐
рд╕рдордЭ рд▓реЛ рд╡реЛ рд░рдХреНрддрдкрд┐рдкрд╛рд╕реВ рджреИрддреНрдп рдлреИрд▓рд╛ рд░рд╣реЗ рд╣реИрдВ рднреНрд░рд╛рдВрддрд┐ https://t.co/WdEwJ22OA3",positive,positive
hi,"RT @BJP4India: рд▓реЛрдЧ рдХрд╣рддреЗ рд╣реИрдВ рдХрд┐ рдЖрдЬрдХрд▓ рдХрд╛ рдпреБрд╡рд╛ рд╕рд╡рд╛рд▓ рдмрд╣реБрдд рдкреВрдЫрддрд╛ рд╣реИ, рдЙрд╕рдореЗрдВ рдзреИрд░реНрдп рдирд╣реАрдВ рд╣реИ, рдЙрд╕реЗ рд╣рд░ рдЪреАрдЬ рдореЗрдВ рдирдпрд╛рдкрди рдЪрд╛рд╣рд┐рдПред

рд▓реЛрдЧ рдХреБрдЫ рднреА рдХрд╣реЗрдВ рд▓реЗрдХрд┐рди рдореИрдВтАж",positive,negative
hi,"RT @BoltaHindustan: рдореЛрджреА рдмреЛрд▓реЗ- рджреЗрд╢ рд╕реБрд░рдХреНрд╖рд┐рдд рд╣рд╛рдереЛрдВ рдореЗрдВ рд╣реИ, рд╕рд╛рдХреНрд╖реА рдмреЛрд▓реАрдВ- рдЕрдЧрд░ рджреЗрд╢ рд╕реБрд░рдХреНрд╖рд┐рдд рд╣реЛрддрд╛ рддреЛ рдкреБрд▓рд╡рд╛рдорд╛ рдореЗрдВ 'рдЬрд╡рд╛рди' рд╢рд╣реАрдж рдирд╛ рд╣реЛрддреЗ

#SakshiJoтАж",neutral,neutral
hi,"RT @IWillSpeakToo: рд╕реБрдирд╛ рд╣реИ рд▓рд╛рд╣реЛрд░ рдореЗрдВ black out рд╣реИ, рдЕрдмреЗ challenge рддреЛ рд░реЛрдЬрд╝ рдХрд░ рд░рд╣реЗ рдереЗ рдЕрдм рдЗрддрдирд╛ рд╕рдиреНрдирд╛рдЯрд╛ рдХреНрдпреЛрдВ рд╣реИ? рд╣рд┐рдВрджреБрд╕реНрддрд╛рди рд╕реЗ рдкрдВрдЧрд╛ рд▓рд┐рдпрд╛ рд╣реИ??
#тАж",positive,positive
hi,"RT @nishantchat: рдпреБрджреНрдз рдХрд┐рд╕реА рдХреЛ рдирд╣реАрдВ рдкрд╕рдВрдж рд▓реЗрдХрд┐рди рдЕрдЧрд░ рдпреБрджреНрдз рдЕрдзреВрд░рд╛ рд░рд╣ рдЬрд╛рдП рддреЛ рдлрд┐рд░ рдпреБрджреНрдз рдХреА рдЬрд╝рд░реВрд░рдд рдкрдбрд╝рддреА рд╣реИ 

рдкрд╛рдХрд┐рд╕реНрддрд╛рди рд╕реЗ рдкрд┐рдЫрд▓реЗ рд╣рд░ рдпреБрджреНрдз рдЕрдзреВрд░реЗ рд░тАж",neutral,neutral
hi,"RT @FranticLadki: Modi ji kuch karein to wo vote ke liye kar rahe hai kuch na karein to arey modi kuch karte kyun nahi 
Kya chutiya log hoтАж",neutral,neutral
hi,RT @RahulSinhaZee: рд╡рд┐рдВрдЧ рдХрдорд╛рдВрдбрд░ рдЕрднрд┐рдирдВрджрди рдЖрдк рдкрд░ рдЧрд░реНрд╡ рд╣реИ,positive,positive
hi,RT @ashutosh83B: рдкрд╣рд▓реЗ рджрд▓рд┐рддреЛрдВ рдХреЛ рдЧреМрд░рдХреНрд╖рд╛ рдХреЗ рдирд╛рдо рдкрд░ рдкрд┐рдЯрд╡рд╛рдУ рдлрд┐рд░ рд╡реЛрдЯ рдХреЗ рд▓рд┐рдпреЗ рдЙрдирдХреЗ рдкреИрд░ рдзреЛрдУ ред рд╡рд╛рд╣ рд░реЗ рдкрд╛рдЦрдВрдб рдХреА рд░рд╛рдЬрдиреАрддрд┐ ред рд╕рддреНрдп рд╣рд┐рдВрджреА рдХреА рджреЛ рдЯреВрдХ !  hтАж,negative,negative
hi,Modi chai waly ky bachy ko chai plaiiii https://t.co/EQoqpaL3jm,neutral,neutral
hi,"RT @FranticLadki: Modi ji kuch karein to wo vote ke liye kar rahe hai kuch na karein to arey modi kuch karte kyun nahi 
Kya chutiya log hoтАж",neutral,neutral
hi,@amitmalviya Ab khud bhakt log tumhe chappal lekar maarenge tumhe aur tera Modi ko.,negative,negative
hi,"рдкреНрд░рдзрд╛рдирдордВрддреНрд░реА @narendramodi рдЖрдЬ рдПрдХ рдХрд░реЛрдбрд╝ рдмреАрдЬреЗрдкреА рдХрд╛рд░реНрдпрдХрд░реНрддрд╛рдУрдВ рдХреЛ рд╕рдВрдмреЛрдзрд┐рдд рдХрд░реЗрдВрдЧреЗ

рдкрдврд╝реЗрдВ рдкреВрд░реА рдЦрдмрд░-тАж https://t.co/p9GRDkS78V",neutral,neutral
hi,"RT @FranticLadki: Modi ji kuch karein to wo vote ke liye kar rahe hai kuch na karein to arey modi kuch karte kyun nahi 
Kya chutiya log hoтАж",neutral,neutral
hi,@PMOIndia Modi Ki jai ho.....jai hind....,neutral,neutral
hi,@salilarya @PM__MODI @narendramodi рдЬрдп рд╣рд┐рдВрдж,positive,neutral
hi,"RT @nishantchat: рд╕рд┐рд░реНрдлрд╝ рд╢рд░реНрдо рдФрд░ рд╢рд░реНрдо рдЖрддреА рд╣реИ рдЙрди рдиреЗрддрд╛рдУрдВ рдкрд░ рдЬреЛ рдЖрдЬ рднреА рджреЗрд╢ рд╕реЗ рдкрд╣рд▓реЗ рд░рд╛рдЬрдиреАрддрд┐рдХ рд╣рд┐рдд рджреЗрдЦ рд░рд╣реЗрдВ рд╣реИ 

рд╡реАрд░ рдЕрднрд┐рдирдВрджрди рдХреЛ рд╡рд╛рдкрд╕ рд▓рд╛рдиреЗ рдХреЗ рд▓рд┐рдП рднрд╛тАж",negative,negative
hi,"RT @nikhildadhich: Burnol moment for pidis ЁЯдг

рдореЛрджреА рдХреЗ 56 рдЗрдВрдЪ рдХреЗ рд╕рд╛рдордиреЗ рдлреАрдХреА рдкрдбрд╝реА рдкреНрд░рд┐рдпрдВрдХрд╛ рд╡рд╛рдбреНрд░рд╛ рдХреА рд╕реВрд░рдд, рд▓реЛрдЧ рдмреЛрд▓ рд░рд╣реЗ, рдЕрдкрдирд╛ рдореЛрджреА рд╣реА рдареАрдХ рд╣реИтАж",negative,negative
hi,"RT @drmanojrajoria: рджреЗрд╢ рд╕реБрд░рдХреНрд╖рд┐рдд рд╣рд╛рдереЛрдВ рдореЗрдВ рд╣реИ: рд╡рд╛рдпреБ рд╕реЗрдирд╛ рджреНрд╡рд╛рд░рд╛ рдХреА рдЧрдИ рд╕реНрдЯреНрд░рд╛рдЗрдХ рдХреЗ рдмрд╛рдж рдкреНрд░рдзрд╛рдирдордВрддреНрд░реА рдореЛрджреА
https://t.co/zNxI0JEJed

via NaMo AтАж",neutral,neutral
hi,"RT @drmanojrajoria: рдореИрдВ рджреЗрд╢ рдирд╣реАрдВ рдорд┐рдЯрдиреЗ рджреВрдВрдЧрд╛: рдкреНрд░рдзрд╛рдирдордВрддреНрд░реА рдореЛрджреА рдиреЗ рднрд╛рд░рддреАрдп рд╡рд╛рдпреБ рд╕реЗрдирд╛ рдХреА рддрд╛рд░реАрдл рдХрд░рддреЗ рд╣реБрдП рдХрд╡рд┐рддрд╛ рд╕реБрдирд╛рдИ
https://t.co/RfnFtTNaTMтАж",neutral,neutral
hi,"RT @drmanojrajoria: рд╕рд░реНрдЬрд┐рдХрд▓ рд╕реНрдЯреНрд░рд╛рдЗрдХ 2.0: рдкреНрд░рдзрд╛рдирдордВрддреНрд░реА рдореЛрджреА рдХреЗ рд▓рд┐рдП рд╕реЛрд╢рд▓ рдореАрдбрд┐рдпрд╛ рдпреВрдЬрд░реНрд╕ рдмреЛрд▓ рд░рд╣реЗ 'рдмрдВрджрд╛ рдЕрдкрдирд╛ рд╕рд╣реА рд╣реИ'
https://t.co/WXcPbYnOru

vтАж",neutral,neutral
hi,"RT @drmanojrajoria: рдорд╛рдирд╡рддрд╛ рдХреЗ рджреБрд╢реНрдордиреЛрдВ рд╕реЗ рдзрд░рддреА рдХреЛ рдмрдЪрд╛рдиреЗ рдХреЗ рд▓рд┐рдП рдкреНрд░рднреБ рдХреА рд╢рдХреНрддрд┐ рд╣рдореЗрд╢рд╛ рд╣рдорд╛рд░реЗ рд╕рд╛рде рд░рд╣рддреА рд╣реИ: рдкреНрд░рдзрд╛рдирдордВрддреНрд░реА рдореЛрджреА
https://t.co/W7KbdтАж",neutral,neutral
hi,"RT @drmanojrajoria: рдпреВрдкреАрдП рдХреЗ рджреМрд░рд╛рди рд╕рд░рдХрд╛рд░реА рдпреЛрдЬрдирд╛рдУрдВ рдХреЗ 8 рдХрд░реЛрдбрд╝ рдлрд░реНрдЬреА рд▓рд╛рднрд╛рд░реНрдереА рдереЗ, рдЬрди рдзрди рдХреЛ рдЖрдзрд╛рд░ рд╕реЗ рдЬреЛрдбрд╝рдХрд░ рд╕реЗ рд╣рдордиреЗ 1.10 рд▓рд╛рдЦ рдХрд░реЛрдбрд╝ рд░реБрдкрдпреЗ рдХреА рдмрдЪрддтАж",neutral,neutral
hi,"RT @News18India: рдкрд╛рдХрд┐рд╕реНрддрд╛рдиреА рдЕрднрд┐рдиреЗрддреНрд░рд┐рдпреЛрдВ рдиреЗ рдЦреЛрд▓рд╛ рднрд╛рд░рдд рдХреЗ рдЦрд┐рд▓рд╛рдл рдореЛрд░реНрдЪрд╛, рдкреАрдПрдо рдореЛрджреА рдХреЛ рдХрд╣рд╛ -'We Will Surpise You'
https://t.co/Dbp2baYOKd",negative,negative
hi,"RT @DrGPradhan: рдЖрдк рд╕рдм рд╕реЗ рдЕрдиреБрд░реЛрдз рд╣реИ рдХреГрдкрдпрд╛ рд╕реЛ рдЬрд╛рдЗрдпреЗ 

рджреЗрд╢ рд╕реБрд░рдХреНрд╖рд┐рдд рд╣реИ 
рд╕реЗрдирд╛ рдореБрд╕реНрддреИрдж рд╣реИ 
рдЪреМрдХреАрджрд╛рд░ рд╕рдЪреЗрдд рд╣реИ 

рдФрд░ рд╣рдо рдЬреИрд╕реЗ рд▓рдлрдВрдЧреЗ рдЬрдЧ рд░рд╣реЗ рд╣реИ",neutral,neutral
hi,"RT @KirronKherBJP: #SurgicalStrikes2 

Am so proud of our #IndianAirForce.   

As they say, Modi hai to mumkin hai!  

Jai Hind!!

Bharat MтАж",positive,positive
hi,"RT @HIMANSH11792929: #BSPHCL_SCAM @cm of bihar niteesh kumar@ sushil modi @tegshwai yadav@pappu yadav  
please sir , i want justic.",positive,positive
hi,"RT @aajtak: рд╡рд┐рдЬрдп рдорд╛рд▓реНрдпрд╛ рдХреЛ рджреЗрд╢ рдореЗрдВ рд▓рд╛рдиреЗ рдХрд╛ рд░рд╛рд╕реНрддрд╛ рд╕рд╛рдл #BringMallyaBack
https://t.co/hEMg3r35gV",neutral,neutral
hi,"RT @News18India: рд╕реВрддреНрд░реЛрдВ рдиреЗ рдмрддрд╛рдпрд╛ рдХрд┐ рддреАрдиреЛрдВ рд╕реЗрдирд╛ рдЪреАрдл рд╕реЗ рдореБрд▓рд╛рдХрд╛рдд рдХреЗ рдмрд╛рдж рдкреАрдПрдо рдиреЗ рдЙрдиреНрд╣реЗрдВ рдлреИрд╕рд▓реЗ рд▓реЗрдиреЗ рдХреА рдкреВрд░реА рдЖрдЬрд╛рджреА рджреЗ рджреА рд╣реИ.
@narendramodi
httpsтАж",neutral,neutral
hi,RT @Doval_Ajit12: Indian Navy to Modi ji - Ham khali baithe hai sabko mouka de rahe ho ek baar hame bhi hath saaf karne ka mouka dedo .,neutral,neutral
hi,@MehboobaMufti Modi sab jung maslay ka hal nehi hoti masla hal hota hai baat cheet karnay se jung se to khali gareeтАж https://t.co/BVriZakDX3,positive,neutral
hi,RT @darshanpathak: Yeh keh raha hai Modi ji France ko bol do Rafale ki delivery sidhi Rawalpindi par kare! https://t.co/CYk6YsQIZ2,neutral,neutral
hi,@WaeGooolll @rohitaashutosh @iVeenaKhan @ImranKhanPTI Modi jo kar raha wo uska kaam hai ham jo kar rahe wo hamara kтАж https://t.co/njIjQJXIiY,neutral,neutral
hi,RT @Ajitkumar_Kanan: рдиреЗрдкреЛрд▓рд┐рдпрди (Modi) рдХреА рддрд░рд╣ рдЬрдирддрд╛ рдХреЛ рдпреВрджреНрдз рдореЗрдВ рдЭреЛрдВрдХрдХрд░ рд╕рддреНрддрд╛ рдореЗрдВ рдмрдиреЗ рд░рд╣рдирд╛ рдЪрд╛рд╣рддреЗ рд╣реИ рдореЛрджреА? | NewzHour https://t.co/lSRUwXDnJV,negative,negative
hi,"RT @pallavipatil999: рдкрд╛рдХрд┐рд╕реНрддрд╛рдиреА рд╕реЗрдирд╛ рдХреЛ рднреА рдЗрдорд░рд╛рди рдЦрд╛рди рдиреЗ рдЦреБрд▓реА рдЫреВрдЯ рджреА рд╣реИ , 

рднрд╛рд░рдд рдЫреЛрдбрд╝ рдХрд┐рд╕реА рднреА рддрд░рдл рднрд╛рдЧ рд╕рдХрддреЗ рд╣реИрдВредЁЯШВЁЯШВ

@80_gupta @priyasha_88 @8тАж",negative,negative
hi,"RT @theskindoctor13: Modi : Ye hamare logo ke mu kyu utre hue hain? Itna bada attack kiya Pakistan par. Khush kyu nahi ye log?

Shah : BhaiтАж",negative,negative
hi,"Those who are saying #SayNoToWar, forget it, Modi ji ko election jeetna hai, phir woh Hindustan ka ho ya KhabrastanтАж https://t.co/llHO365fG5",negative,negative
hi,"RT @RMVM1B4y4H6uyz4: рдЬрдВрддрд░ рдордВрддрд░ рд╕реЗ рджреЗрдЦрд┐рдП. рд╡реАрд░ рдФрд░ рд╡реАрд░рдВрдЧрдирд╛рдУ рдХреА рд╣реБрдВрдХрд╛рд░. 
рджрд┐рд▓реНрд▓реА рднреА рд╣рд┐рд▓реЗрдЧреА.. рдФрд░ рд╕рднреА рд░рд╛рдЬреНрдп рд╕рд░рдХрд╛рд░реЗрдВ рднреА рд╣рд┐рд▓реЗрдЧреА.
рдЬрдм рдЕрдЧрд▓реА рдкреАрдбрд╝реА рдХрд╛ рдЕтАж",neutral,neutral
hi,@YogiAdityanath_ @OfficialDGISPR chup kar yogi aur is ko talash karo is na maarwa diya hai ЁЯШВ modi ko aur is pilot kтАж https://t.co/KafMkTlk1k,negative,neutral
hi,"RT @abpnewshindi: рддреАрдиреЛрдВ рд╕реЗрдирд╛рдУрдВ рдХреЗ рдкреНрд░рдореБрдЦ рд╕реЗ рдкреАрдПрдо @narendramodi рдиреЗ рдХреА рдЕрд╣рдо рдмреИрдардХ, рд╕реЗрдирд╛ рдХреЛ рджреА рдЧрдИ рдЦреБрд▓реА рдЫреВрдЯ- рд╕реВрддреНрд░

#PMModi 
https://t.co/rlSggldтАж",neutral,neutral
hi,@sonamJain001 @vilassawadh Buy 1 get 2 free. Modi ke saath saath Arnab aur Sambit ko mufat ne le lo.ЁЯШВ,positive,positive
hi,RT @Ajitkumar_Kanan: рдиреЗрдкреЛрд▓рд┐рдпрди (Modi) рдХреА рддрд░рд╣ рдЬрдирддрд╛ рдХреЛ рдпреВрджреНрдз рдореЗрдВ рдЭреЛрдВрдХрдХрд░ рд╕рддреНрддрд╛ рдореЗрдВ рдмрдиреЗ рд░рд╣рдирд╛ рдЪрд╛рд╣рддреЗ рд╣реИ рдореЛрджреА? | NewzHour https://t.co/lSRUwXDnJV,neutral,negative
hi,"@RandheerKumarA2 рдореЛрджреА рдЬреА рдЬрд┐рд╕ рддрд░рд╣ рдЖрдкрдиреЗ рджреЗрд╢ рдХрд╛ рд╢реАрд╢ рдирд╣реАрдВ рдЭреБрдХрдиреЗ рджрд┐рдпрд╛ 
рд╣рдо рднреА рд╡рд╛рджрд╛ рдХрд░рддреЗ рд╣реИрдВ рдХрд┐ 2019 рдореЗрдВ рдЖрдкрдХрд╛ рд╢реАрд╢ рдирд╣реА рдЭреБрдХтАж https://t.co/KNETzttFov",neutral,neutral
hi,@rohankumaryadav @rohitaashutosh @iVeenaKhan @ImranKhanPTI Yar scene ye hai k ak galat bat tum karo gay ak me karunтАж https://t.co/0ZrPinwHVQ,neutral,neutral
hi,"Yahan ghusne ki bhi ghlti ab dobara maat karna #IndianAirForce
#samjhmeayakya #modi
#proudtobeapakistaniтАж https://t.co/Ein8Q1MxqU",negative,negative
hi,@Mohamme14028948 A ismail Kya bola tha tu modi ko bhi lekar aaja mujh par tu koi bhi kisam ka pressure nahi dalwa sтАж https://t.co/382FvVg4Qj,negative,neutral
hi,RT @BGuru8: @snowewhitea @link2adii @AF9KAscpiO8Kdi9 @Nilufur2 @divyach479 @Y_A_R_M @nair_hena @SKMittal63 @Mukesh196058 @iftikhar_hyder @RтАж,neutral,neutral
hi,"@Sumairakhan_ Modi g : Ki jab se dil me basaya hai Tumko 
Zindagi khubsurat huyi hai 
Lag rha hai muje ab jaise MujтАж https://t.co/xTugKmiXse",negative,negative
hi,"RT @OpIndia_in: рдЕрднреА-рдЕрднреА:

рднрд╛рд░рдд рдФрд░ рдкрд╛рдХрд┐рд╕реНрддрд╛рди рдХреЗ рдмреАрдЪ рд▓рдЧрд╛рддрд╛рд░ рдЪрд▓ рд░рд╣реЗ рддрдирд╛рд╡ рдХреЗ рдмреАрдЪ рдкреНрд░рдзрд╛рдирдордВрддреНрд░реА рдореЛрджреА рдиреЗ рддреАрдиреЛрдВ рд╕реЗрдирд╛рдзреНрдпрдХреНрд╖реЛрдВ рд╕реЗ рднреА рдореБрд▓рд╛рдХрд╝рд╛рдд рдХреА рдФрд░тАж",neutral,neutral
hi,@jigneshmevani80 @narendramodi Ye chahte hai modi ji khud jay ..Maro isey koi,neutral,negative
mr,Mominul Haque caught рдмреНрд░рд╛рдбрд▓реА рд╡рд╛рдЯрд▓рд┐рдВрдЧ рдЧреЗрдВрджрдмрд╛рдЬ рдиреАрд▓ рд╡реЕрдЧрдирд░ 12 (46 рдЧреЗрдВрдж) рдмрд╛рдВрдЧреНрд▓рд╛рджреЗрд╢ 121/2 (26.4 рдУрд╡рд░) #NZvBAN https://t.co/ujAsyV9fZ4,neutral,neutral
mr,рд╕реБрдкреНрд░рднрд╛рдд! https://t.co/Kno2lL7gRS,positive,positive
mr,"ЁЯЩПЁЯП╗ЁЯЩПЁЯП╗ *рдирдореЛ рд░рд╛рдпрд░реВ* ЁЯЩПЁЯП╗ЁЯЩПЁЯП╗
ЁЯЪй *реР рд╢реНрд░реА рд░рд╛рдШрд╡реЗрдВрджреНрд░рд╛рдп рдирдордГ* ЁЯЪй
*реР рдкреБрдЬреНрдЬрд╛рдп рд░рд╛рдШрд╡реЗрдВрджреНрд░рд╛рдп рд╕рддреНрдп рдзрд░реНрдо рд░рдерд╛рдпрдЪред*
*рднрдЬрддрд╛рдВ рдХрд▓реНрдкрд╡реГрдХреНрд╖рд╛рдп рдирдотАж https://t.co/LWmHyeKpBM",positive,neutral
mr,"RT @SanatanSanstha: рд╣рд┐рдВрджреБ рд░рд╛рд╖реНрдЯреНрд░ рд╕реНрдерд╛рдкрди рд╣реЛрдИрдкрд░реНрдпрдВрдд рд╕рдирд╛рддрдирдЪреЗ рд╕рд╛рдзрдХ рд╕реНрд╡рд╕реНрде рдмрд╕рдгрд╛рд░ рдирд╛рд╣реАрдд ! тАУ рд╕реМ. рдирдпрдирд╛ рднрдЧрдд,рд╕рдирд╛рддрди рд╕рдВрд╕реНрдерд╛ https://t.co/7r7oC4rAf9",positive,positive
mr,RT @sanatanprabhat: рдорд╛рдп рдорд░рд╛рдареАрдЪреНрдпрд╛ рд░рдХреНрд╖рдгрд╛рд╕рд╛рдареА рд╕рдирд╛рддрдирдЪреА рдорд░рд╛рдареА рднрд╛рд╖реЗрдЪреЗ рд╢реНрд░реЗрд╖реНрдарддреНрд╡ рд╕рд┐рджреНрдз рдХрд░рдгрд╛рд░реА рдЧреНрд░рдВрдердорд╛рд▓рд┐рдХрд╛ ! https://t.co/7frdNFYaEt,neutral,neutral
mr,"RT @PandittripathiM: ЁЯМ╣ ЁЯЩП  #рд╕реБрдкреНрд░рднрд╛рдд  ЁЯЩПЁЯМ╣

ЁЯМ┤рд╢рд╛рдиреНрддрд╛рдХрд╛рд░рдВ рднреБрдЬрдЧрд╢рдпрдирдВ рдкрджреНрдордирд╛рднрдВ рд╕реБрд░реЗрд╢рдВ
рд╡рд┐рд╢реНрд╡рд╛рдзрд╛рд░рдВ рдЧрдЧрдирд╕рджреГрд╢рдВ рдореЗрдШрд╡рд░реНрдг рд╢реБрднрд╛рдЩреНрдЧрдореН ЁЯМ┤
ЁЯМ┤рд▓рдХреНрд╖реНрдореАрдХрд╛рдиреНрддрдВ рдХрдорд▓рдирдптАж",positive,neutral
mr,RT @gadreramesh1: 50 рдЯрдХреНрдХреЗ рдЬрд╛рдЧрд╛ рдХрдкрд╛рдд рдХрд░реВрди #рд╢рд┐рдХреНрд╖рдХрднрд░рддреА_24000 рдЪреА рд╕реНрд╡рдкреНрди рджрд╛рдЦрд╡реВрди рдЖрддрд╛ рдзреБрд│реАрд╕ рдорд┐рд│рд╡рдд рдЖрд╣реЗ @BJP4Maharashtra рд╢рд╛рд╕рди. @TawdeVinod рд╕рд╛рд╣реЗрдм рдЬтАж,neutral,neutral
mr,"RT @Vish_kc: реР

рд░рд╛рдЦреЗ рд╕рдХрд│рд╛рдВрдЪреЗ рдЕрдВрддрд░ ред 
рдЙрджрдВрдб рдХрд░реА рдкрд╛рдард╛рдВрддрд░ ред 
рдиреЗрдорд╕реНрддрдкрдгрд╛рдЪрд╛ рд╡рд┐рд╕рд░ ред 
рдкрдбрдгрд╛рд░ рдирд╛рд╣реА  редред 

рдирдореНрд░рдкрдгреЗ рдкреБрд╕реЛрдВ рдЬрд╛рдгреЗ ред 
рдиреЗрдорд╕реНрдд рдЕрд░реНрде рд╕рд╛рдВрдЧреЛрдВ рдЬрд╛рдгреЗтАж",neutral,neutral
mr,"RT @jdipali: рдЕрдЦреЗрд░ рд╢рд┐рдХреНрд╖рдХ рднрд░рддреАрд▓рд╛ рдореБрд╣реВрд░реНрдд рдорд┐рд│рд╛рд▓рд╛,рдЙрджреНрдпрд╛ рдирд┐рдШрдгрд╛рд░ рд╢рд┐рдХреНрд╖рдХ рднрд░рддреАрдЪреА рдЬрд╛рд╣рд┐рд░рд╛рдд, рдореБрдЦреНрдпрдордВрдЮреНрдпрд╛рдВрдЪреНрдпрд╛ рд╣рд╕реНрддреЗ 'рдкрд╡рд┐рдЮ' рдкреЛрд░реНрдЯрд▓рд╡рд░ рдкреНрд░рдХрд╛рд╢рди 
, рд╢рд┐рдХреНрд╖рдгтАж",positive,positive
mr,"RT @Sarita25148177: рдКрдБ рдирдореЛ рдирд╛рд░рд╛рдпрдгЁЯЪй
рджреЗрд╡ рдкреНрд░рдкрдиреНрдирд╛рд░реНрддрд┐рд╣рд░ рдкреНрд░рд╕рд╛рджрдВ рдХреБрд░реВ рдореЗ рджреЗрд╡
рдЕрд╡рд▓реЛрдХрдирджрд╛рджреЗрди рднреВрдпреЛ рдорд╛рдВ рдкрд╛рд╡рдпрд╛рдЪреНрдпреБрддредред
рдирд╛рде рдпреЛрдирд┐рд╕рд╣рд╕реНрддреНрд░реЗрд╖реБ рдпреЗрд╖реБ рдпреЗрд╖реБ рдмреНтАж",positive,positive
mr,"RT @AnilNagare19: #рд╢рд┐рдХреНрд╖рдХрднрд░рддреА_рдлрд╕рд╡рдгреВрдХ 50%рдЬрд╛рдЧрд╛ рднрд░реВрди  рд╕рд░рдХрд╛рд░ рдЖрд░рдХреНрд╖рд┐рдд рдкреНрд░рд╡рд░реНрдЧрд╛рд╡рд░ рдЕрдиреНрдпрд╛рдп рдХрд░рдд рдЖрд╣реЗ..
рд╣реЗ рд╕рд░рдХрд╛рд░рд▓рд╛ рдЖрдореНрд╣реА рдЖрдордЪреНрдпрд╛рд╡рд░ рдЕрдиреНрдпрд╛рдп рдХрд░рдгреНрдпрд╛рд╕рд╛рдареА рдирд┐тАж",neutral,neutral
mr,"@TimesofIslambad рдорд╣рд╛рд░рд╛рд╖реНрдЯреНрд░рд╛рдд рдбрд╛рд│ рд╢рд┐рдЬреЗрдирд╛ , рдЖрддрд╛ рдкрд╛рдХрд┐рд╕реНрдерд╛рдирд╛рдд рдЬрд╛рдКрди рдЗрд▓реЗрдХреНрд╢рди рд▓рдврдгрд╛рд░. 
рд╣рд╛рдлрд┐рдЬ рдЪреА рдореБрд▓рд╛рдЦрдд рдШреЗрддрд╛рдирд╛ рдЭрд│рдХрддреАрд▓.",negative,negative
mr,"RT @PravinTonge6: #noPension_noVote #UposhanforPension 
#news18lokmat 
#ABPnews 
#aajtak 
#devendrafadnavis 
#sudhirmunghantiwar
#ZeenewsтАж",neutral,neutral
mr,"RT @Av_ADH: @SanatanSanstha рдЕрд╢рд╛ рдордзреБрд░ рднрд╛рд╖реЗрдЪрд╛ рддреНрдпрд╛рдЧ рдХрд░реВрди рдорд░рд╛рдареА рдорд╛рдгреВрд╕ рдИрдВрдЧреНрд░рдЬреАрдЪреНрдпрд╛ рд╡рд┐рд│рдЦреНрдпрд╛рдд рдЕрдбрдХрд▓рд╛, рддреНрдпрд╛рдореБрд│реЗ рдЕрдореГрддрд╛рд╣реВрдирд╣реА рдЧреЛрдб рдЕрд╕рд▓реЗрд▓реНрдпрд╛ рдорд╛рдпрдорд░рд╛рдареА рдЕрдВтАж",negative,negative
mr,"RT @SanatanSanstha: рд╕реМрдВрджрд░реНрдп, рдорд╛рдзреБрд░реНрдп рдЖрдгрд┐ рд╡рд┐рд╡рд┐рдзрддрд╛ рдпрд╛рдВрдиреА рдирдЯрд▓реЗрд▓реА рдорд░рд╛рдареА рдорд╛рдпрдмреЛрд▓реА ! https://t.co/eLxapv2uB6",neutral,neutral
mr,RT @Pankajamunde: рд▓рд╛рднрд▓реЗ рднрд╛рдЧреНрдп рдЖрдореНрд╣рд╛рд╕ рдмреЛрд▓рддреЛ рдорд░рд╛рдареА !!! рдорд░рд╛рдареА рднрд╛рд╖рд╛ рджрд┐рдирд╛рдЪреНрдпрд╛ рд╣рд╛рд░реНрджрд┐рдХ рд╢реБрднреЗрдЪреНрдЫрд╛ !! #рдорд░рд╛рдареАрднрд╛рд╖рд╛рджрд┐рди #рдорд░рд╛рдареАрднрд╛рд╖рд╛рдЧреМрд░рд╡рджрд┐рди https://t.co/2тАж,positive,positive
mr,"@RajThackeray @BJP4India рдмрдШрд╛ рд░рд╛рдЬ рд╕рдорд░реНрдердХрд╛рдиреЛ , рддреБрдордЪрд╛ рд░рд╛рдЬ рдорд░рд╛рдареА рд╕реЛрдбреБрди рдиреЛрдЯрдмрдВрджреАрдкрд╛рдпреА рдКрд░реНрджреБ рдЖрдВрддрдВрдХреА рд░рд╛рд╖реНрдЯреНрд░рд╛рдд рдлреЗрдорд╕ рдЭрд╛рд▓рд╛ рдЖрд╣реЗтАж https://t.co/BBCctzf6qr",neutral,negative
mr,RT @waglenamrata: рдкрд╛рдХ рдиреЗ рд╡рд┐рдВрдЧ рдХрдорд╛рдВрдбрд░ рдЕрднрд┐рдирдВрджрди рдпрд╛рдВрдЪреЗ рдорд╛рд░рд╣рд╛рдг рдЭрд╛рд▓реЗрд▓реЗ рдлреЛрдЯреЛ рдкреНрд░рд╕рд┐рджреНрдз рдХрд░реВрди рдЬрд┐рдирд┐рд╡реНрд╣рд╛ рдХрд░рд╛рд░рд╛рдЪрд╛ рднрдВрдЧ рдХреЗрд▓реЗрд▓рд╛ рдЖрд╣реЗ. рдЖрдкрд▓реНрдпрд╛ рд╣рд┐рд░реЛрдЪреНрдпрд╛ рдЖрддреНрдорд╕тАж,positive,positive
mr,"RT @avichal_mishra: рд╕рд░реНрд╡рд╡рд┐рдШреНрдирд╣рд░рдВ рджреЗрд╡рдВ рд╕рд░реНрд╡рд╡рд┐рдШреНрдирд╡рд┐рд╡рд░реНрдЬрд┐рддрдордореН ред 
рд╕рд░реНрд╡рд╕рд┐рджреНрдзрд┐рдкреНрд░рджрд╛рддрд╛рд░рдВ рд╡рдиреНрджреЗрд╜рд╣рдВ рдЧрдгрдирд╛рдпрдХрдореН рее
реР рдЧрдВ рдЧрдгрдкрддрдпреЗ рдирдореЛ рдирдо: ЁЯЩП
 рд╕реБрдкреНрд░рднрд╛рдд ЁЯЩП httтАж",positive,positive
mr,@cgalgale1 @Vish_kc рд╕реБрдкреНрд░рднрд╛рдд  .,neutral,neutral
mr,"ЁЯХЙЁЯФпЁЯМЮ рд╕реБрдкреНрд░рднрд╛рдд ЁЯМЮЁЯФпЁЯХЙ
рд╢реНрд░реА рджрддреНрддрдЧреБрд░реБ рдХреГрдкреЗрдиреЗ рдЖрдЬрдЪрд╛ рджрд┐рд╡рд╕ рдЫрд╛рди рдЬрд╛рд╡реЛ.
llрджрд┐рдЧрдВрдмрд░рд╛ рджрд┐рдЧрдВрдмрд░рд╛ рд╢реНрд░реАрдкрд╛рдж рд╡рд▓реНрд▓рдн рджрд┐рдЧрдВрдмрд░рд╛ll
ЁЯЩПЁЯП╗рдЕрд╡рдзреВрдд рдЪрд┐рдВрддрдитАж https://t.co/Qurh8TC8x9",positive,positive
mr,"RT @siddarthpaim: рдпрджрд╛ рдпрджрд╛ рд╣рд┐ рдзрд░реНрдорд╕реНрдп рдЧреНрд▓рд╛рдирд┐рд░реНрднрд╡- рддрд┐ рднрд╛рд░рдд ред

рдЕрднреНрдпреБрддреНрдерд╛рди- рдордзрд░реНрдорд╕реНрдп рддрджрд╛рддреНрдорд╛рдирдВ рд╕реГрдЬрд╛рдореНрдпрд╣рдореН",positive,positive
mr,"RT @The_naaz: рдпрд╛ рд░рд╕реБрд▓реНрд▓реВрд▓рд╛рд╣ я╖║
рд╣рдорд╛рд░реЗ рдкрд╛рд╕ рдЬреЛ рдХреБрдЫ рднреА рд╣реИ
рд╡реЛ рдЖрдкрдХреА рдЬрд╛рдд рдХрд╛ рд╕рджрдХрд╛ рд╣реИ",neutral,neutral
mr,RT @RohitPawarSpeak: рдирд╛рд╢рд┐рдХ рдпреЗрдереЗ рдорд╣рд╛рддреНрдорд╛ рдЧрд╛рдВрдзреА рд╡рд┐рджреНрдпрд╛рдордВрджреАрд░ рд╕рдВрдЪрд▓рд┐рдд рд▓реЛрдХрдиреЗрддреЗ рд╡реНрдпрдВрдХрдЯрд░рд╛рд╡ рд╣рд┐рд░реЗ рдорд╣рд╛рд╡рд┐рджреНрдпрд╛рд▓рдпрд╛рддрд░реНрдлреЗ рдЖрдпреЛрдЬрд┐рдд рдХреЗрд▓реЗрд▓реНрдпрд╛ рдЖрдВрддрд░ рдорд╣рд╛рд╡рд┐рджреНрдпрд╛рд▓рдпреАтАж,neutral,neutral
mr,"рдпреБрджреНрдз рд╣реА рдХрд▓реНрдпрд╛рдг 

#SayYesToWar",negative,negative
mr,"RT @Sarita25148177: рдКрдБ рдирдореЛ рдирд╛рд░рд╛рдпрдгЁЯЪй
рджреЗрд╡ рдкреНрд░рдкрдиреНрдирд╛рд░реНрддрд┐рд╣рд░ рдкреНрд░рд╕рд╛рджрдВ рдХреБрд░реВ рдореЗ рджреЗрд╡
рдЕрд╡рд▓реЛрдХрдирджрд╛рджреЗрди рднреВрдпреЛ рдорд╛рдВ рдкрд╛рд╡рдпрд╛рдЪреНрдпреБрддредред
рдирд╛рде рдпреЛрдирд┐рд╕рд╣рд╕реНрддреНрд░реЗрд╖реБ рдпреЗрд╖реБ рдпреЗрд╖реБ рдмреНтАж",positive,positive
mr,RT @Snehlat27685620: @mr_dharmraj рд╕реБрдкреНрд░рднрд╛рддЁЯМ╣,neutral,neutral
mr,@TUSHARKHARE14 @meemilind @meemilind рдпрд╛рдВрдиреА рдорд░рд╛рдареА рдЪрд┐рддреНрд░рдкрдЯрд╛рдд рдХрд╛рдо рдХреЗрд▓рдВ рдкрд╛рд╣рд┐рдЬреЗ. рдЦреВрдк рдкреБрдвреЗ рдЬрд╛рддреАрд▓. рддреНрдпрд╛рдВрдЪреА рдмреЛрд▓рдгреНрдпрд╛рдЪреА рд▓рдХрдм рдЖтАж https://t.co/CbP1WJLW5S,neutral,neutral
mr,"ЁЯМ╣реРЁЯМ╗
рддреНрд╡рдореЗрд╡ рдорд╛рддрд╛ рдЪ рдкрд┐рддрд╛ рддреНрд╡рдореЗрд╡
рддреНрд╡рдореЗрд╡ рдмрдиреНрдзреБрд╢реНрдЪ рд╕рдЦрд╛ рддреНрд╡рдореЗрд╡
рддреНрд╡рдореЗрд╡ рд╡рд┐рджреНрдпрд╛ рджреНрд░рд╡рд┐рдгрдВ рддреНрд╡рдореЗрд╡ 
рддреНрд╡рдореЗрд╡ рд╕рд░реНрд╡ рдордо рджреЗрд╡ рджреЗрд╡ https://t.co/hEuR5efxZV",positive,positive
mr,"RT @SSharmajsr: реРрдирдордГрд╢рд┐рд╡рд╛рдп
@barotchetan99 @RFilipovic @PareshBhatt15 @awasthis @PiyushGoyal @Shawshanko @JugalKhetan @RRB3141 @suniljha8991тАж",positive,positive
mr,RT @MaharashtraPMC: рдкреНрд░рд┐рдпрджрд░реНрд╢рдиреА рд╕реЗрд▓ рд╡рд░реНрдзрд╛ рдЬрд┐рд▓реНрд╣рд╛ рдорд╣рд┐рд▓рд╛ рдХрд╛рдБрдЧреНрд░реЗрд╕ рд╡реНрджрд╛рд░рд╛ рдЖрдпреЛрдЬрд┐рдд рд╡реНрдпрдХреНрддрд┐рдорддреНрд╡ рд╡рд┐рдХрд╛рд╕ рд╡ рд╕реНрд╡рдпрдВ рдкреНрд░реЗрд░рдгрд╛ рдорд╛рд░реНрдЧрджрд░реНрд╢рди рдпрд╛ рд╡рд┐рд╖рдпрд╛рд╡рд░ рдПрдХрджрд┐рд╡тАж,neutral,neutral
mr,@Snehlat27685620 рд╕реБрдкреНрд░рднрд╛рдд,neutral,neutral
mr,"RT @manoj_chalke: @JivanPachpute @RajThackeray @SandeepDadarMNS рд╕рдВрджрд┐рдк рджрд╛рджрд╛, рдЖрдкрд▓реА рдкреНрд░рддрд┐рдХреНрд░рд┐рдпрд╛ рдХрд╛рдп рдЖрд╣реЗ рдпрд╛рд╡рд░?рдЖрдкрд▓реЗ рд╕рд╛рд╣реЗрдм рдкрд╛рдХрд┐рд╕реНрддрд╛рдирд╛рдд рдлреЗрдорд╕ рдЭрд╛рд▓реЗрддтАж",negative,negative
mr,"рдЖрддрд╛ рдЖрддрдВрдХреАрдпрд╛рдВрдЪрд╛, рд╣рд╛рдлрд┐рдЬрдЪрд╛ рдЖрд╣реЗ. рдЕрд░рд╛рдЬ рдардХрд░реЗ https://t.co/pQmzLGZYCd",neutral,neutral
mr,RT @SSharmajsr: @suniljha8991 @cgalgale1 рд╕реБрдкреНрд░рднрд╛рдд,neutral,neutral
mr,RT @Dev_Fadnavis: рдкреНрд░рдзрд╛рдирдордВрддреНрд░реА рдЖрд╡рд╛рд╕ рдпреЛрдЬрдиреЗрддреВрди рдПрдХ рдореЛрдареА рд╕реНрд╡рдкреНрдирдкреВрд░реНрддреА рд╣реЛрдгрд╛рд░ рдЖрд╣реЗ. рдПрдХрд╣реА рд╡реНрдпрдХреНрддреА рдЖрддрд╛ рдмреЗрдШрд░ рд░рд╛рд╣рдгрд╛рд░ рдирд╛рд╣реА! https://t.co/hY4fTctpaB,positive,positive
mr,"@ashok_painter @HemaVyas13 рдПрдХ рджрд┐рд╡рд╕ рдорд░рд╛рдареАрд▓рд╛ рдорд╛рди
рдЙрджреНрдпрд╛ рдкрд╛рд╕реБрди?",neutral,neutral
mr,"RT @SSharmajsr: реРрдирдордГрд╢рд┐рд╡рд╛рдп
@barotchetan99 @RFilipovic @PareshBhatt15 @awasthis @PiyushGoyal @Shawshanko @JugalKhetan @RRB3141 @suniljha8991тАж",positive,positive
mr,@akm42561907 рд░рд╛рдзреЗ рд░рд╛рдзреЗ,neutral,neutral
mr,RT @Marathi_Tweets: рдХрд╛рд▓ рдкрд╛рдХрд┐рд╕реНрддрд╛рдирдордзреНрдпреЗ рднрд╛рд░рддреАрдп рдПрдЕрд░ рдлреЛрд░реНрд╕рдЪреА рдХреЗрд▓реЗрд▓реНрдпрд╛ рд╣рд╡рд╛рдИ рд╣рд▓реНрд▓реНрдпрд╛рдЪреЗ рдлрдХреНрдд рдПрдЕрд░ рдлреЛрд░реНрд╕рд▓рд╛ рджреЗрдгрд╛рд░реЗ  рд▓реЛрдХ рдЖрдЬ рднрд╛рд░рддреАрдп рдПрдЕрд░ рдлреЛрд░реНрд╕рдЪрд╛ рдПрдХ рдкрд╛рдптАж,positive,positive
mr,RT @rajushetti: рдЧреБрдВрдЧрд╛ рдпрд╢рд╡рдВрдд рдкрд╛рдЯреАрд▓ рдореБ.рдкреЛ.рд░реЗрдард░реЗ рд╡рд╛рд░рдгрд╛ рддрд╛.рд╢рд╛рд╣реВрд╡рд╛рдбреА рдпрд╛рдВрдиреА рдЖрдкрд▓реНрдпрд╛ рдореБрд▓рд╛рдВрдЪреНрдпрд╛ рд▓рдЧреНрдирд╛рдд рдЬрдорд▓реЗрд▓рд╛ рдЖрд╣реЗрд░ 2019 рдЪреНрдпрд╛ рд▓реЛрдХрд╕рднреЗрдЪреНрдпрд╛ рдирд┐рд╡рдбрдгреБрдХреАрд╕рд╛рдареАтАж,neutral,neutral
mr,"RT @Sarita25148177: рдКрдБ рдирдореЛ рдирд╛рд░рд╛рдпрдгЁЯЪй
рджреЗрд╡ рдкреНрд░рдкрдиреНрдирд╛рд░реНрддрд┐рд╣рд░ рдкреНрд░рд╕рд╛рджрдВ рдХреБрд░реВ рдореЗ рджреЗрд╡
рдЕрд╡рд▓реЛрдХрдирджрд╛рджреЗрди рднреВрдпреЛ рдорд╛рдВ рдкрд╛рд╡рдпрд╛рдЪреНрдпреБрддредред
рдирд╛рде рдпреЛрдирд┐рд╕рд╣рд╕реНрддреНрд░реЗрд╖реБ рдпреЗрд╖реБ рдпреЗрд╖реБ рдмреНтАж",positive,positive
mr,@TV9Marathi рднреБрдВрдХрдгреНрдпрд╛ рдкрд▓рд┐рдХрдбреЗ рддреБрдореНрд╣реА рдЖрддрд╛рдкрд░реНрдпрдВрдд рдХреЗрд▓реЗ рдХрд╛рдп?,neutral,neutral
mr,@suniljha8991 @cgalgale1 рд╕реБрдкреНрд░рднрд╛рдд,neutral,neutral
mr,RT @ParmarA03: @AmitSinghdel @choteesibaat @pareeknc7 @abhi988928 @MengiKuldip @AnuG3108 @Margrtmacwan @K_Mishra7 @PihuShah30 @TohopeislifeтАж,neutral,neutral
mr,RT @ajaysatrekar: рд╕рд░реНрдЬрд┐рдХрд▓ рд╕реНрдЯреНрд░рд╛рдИрдХ рдХреЗрд▓реНрдпрд╛рдирд╛рдВрддрд░ рдЖрдкрд▓рд╛ рдПрдХ рдЬрд╡рд╛рди  рдЪрдВрджреВ рдЪрд╡реНрд╣рд╛рдг рдЪреБрдХреВрди рдкрд╛рдХрд┐рд╕реНрддрд╛рдиреА рд╣рджреНрджреАрдд рдЧреЗрд▓рд╛ рд╣реЛрддрд╛ рдкрдг рд╕рд░рдХрд╛рд░рдЪреНрдпрд╛ рдЕрдердХ рдкреНрд░рдпрддреНрдирд╛рдирдВрддрд░ ректАж,positive,positive
mr,"RT @Pranali_k18: рднрд╛рд░рддрд╛рдХрдбреВрди рдЖрдВрддрд░рд░рд╛рд╖реНрдЯреНрд░реАрдп рдЯреА20 рдордзреНрдпреЗ рд╕рд░реНрд╡рд╛рдзрд┐рдХ рд╖рдЯрдХрд╛рд░ рдорд╛рд░рдгрд╛рд░реЗ рдХреНрд░рд┐рдХреЗрдЯрдкрдЯреВ-

102 тАУ рд░реЛрд╣рд┐рдд рд╢рд░реНрдорд╛

74 тАУ рдпреБрд╡рд░рд╛рдЬ рд╕рд┐рдВрдЧ

58 тАУ рд╕реБрд░реЗрд╢ рд░реИтАж",neutral,neutral
mr,"RT @diBhagyashri: рдорд░рд╛рдареА рднрд╛рд╖рд╛ рджрд┐рдирд╛рдЪреНрдпрд╛ рд╕рдкреНрд░реЗрдо рд╢реБрднреЗрдЪреНрдЫрд╛...ЁЯТЦ
рдореМрди: рдХреБрд╕реБрдорд╛рдЧреНрд░рдЬ...ЁЯТРЁЯМ╣рддреБрдореНрд╣реА рдкрдг рдЖрдкрд▓реНрдпрд╛рд▓рд╛ рдЖрд╡рдбрд▓реЗрд▓реНрдпрд╛ рдХрд╡рд┐рддрд╛ post рдХрд░рд╛... ЁЯШК
#рдХреБрд╕реБрдорд╛рдЧреНрд░рдЬтАж",neutral,neutral
ta,RT @PonnaarrBJP: роЗроирпНродро┐роп ро╡ро┐рооро╛ройрокрпНрокроЯрпИ ро╡рпАро░ро░рпН родрооро┐ро┤роХродрпНродрпИроЪрпН роЪрпЗро░рпНроирпНрод роЕрокро┐ройроирпНродройрпН ро╡ро░рпНродрпНродрооро╛ройрпН роХрпИродрпБ роЪрпЖропрпНропрокрпНрокроЯрпНроЯрпБ рокро╛роХрпН ро╡роЪроорпН роЗро░рпБрокрпНрокродро╛роХ роЪрпЖропрпНродро┐ роКроХроЩрпНроХро│ро┐ро▓рпН ро╡тАж,neutral,neutral
ta,RT @MaridhasAnswers: роПро┤рпИродрпН родро╛ропрпНрооро╛ро░рпНроХро│рпН роХрпБро▒рпИро╡ро╛рой роОроЯрпИропрпБро│рпНро│ роХрпБро┤роирпНродрпИроХро│рпИ рокро┐ро░роЪро╡ро┐роХрпНроХро┐ройрпНро▒ройро░рпН. роЗродрпИродрпН родроЯрпБроХрпНроХ PMSMA(родро╛ропрпНроорпИ ро╡роирпНродрой родро┐роЯрпНроЯроорпН) роХрпКрогрпНроЯрпБро╡ро░рокрпНрокроЯрпНтАж,neutral,neutral
ta,роироЯро┐роХрпИ рокродрпНроорокро┐ро░ро┐ропро╛ рокро┐ро▒роирпНрод родро┐ройроорпН https://t.co/2Oi0CIsQcd,neutral,neutral
ta,RT @Russetlane: #Abhinandan роЗроирпНрод роЕро░роЪро┐ройрпН родро▓рпИропро╛роп роХроЯроорпИ роЗро╡ро░рпИ роХро╛рокрпНрокро╛ро▒рпНро▒ро┐ роХрпКрогрпНроЯрпБ ро╡ро░рпБро╡родрпЗ.. https://t.co/dj1skz8Nqf,positive,positive
ta,@itz_kavinila роЕро┤роХрпБ роОроЩрпНроХ роЗро░рпБроХрпНроХрпБ роЗроирпНрод роЯрпНро╡рпАроЯрпНро▓ роирпАроЩрпНроХ роОро╡рпНро│рпЛ роЕро┤роХрпБройрпБ роЪрпКро▓рпНро▓ро┐роЯрпНроЯрпАроЩрпНроХро│рпЗ рооро╛...,neutral,neutral
ta,RT @mekishorerider: ропрокрпНрокро╛ #digital #ARRahman #arrahmanmusical @arrahman ЁЯТЧЁЯТЧЁЯТЭ https://t.co/9tzPad1PdQ,neutral,neutral
ta,(роЗрп░роЗ`я╜б),neutral,neutral
ta,"RT @maharaja_2020: роЕроорпНрокро╛ро│рпН роОроирпНродроХрпН роХро╛ро▓родрпНродро┐ро▓рпЗ рокрпЗроЪро┐ройро╛ро│рпН. роЕро▒ро┐ро╡рпБроХрпЖроЯрпНроЯро╡ройрпЗ.
роЕродрпБ рокрпЗроЪро╛родрпБ.. роХро▓рпН...
Film - Parasakthi https://t.co/lYnLQTZB3h",neutral,neutral
ta,"RT @maathorubhagan: рокро╛ро░рпНродрпНродродро┐ро▓рпН роЗро░рпБроирпНродрпЗ..
роТро░рпБро╡ро┐род роХрпКродро┐рокрпНрокрпБ..
рокрпЛро░рпНроорпБройрпИропро┐ро▓рпН роЗро░рпБрокрпНрокродрпИрокрпЛро▓..
роироорпН роЙрогро░рпНро╡ро┐ройрпИ роХро╛роЯрпНроЯро╡рпБроорпН..
роироорпН роЪроХрпЛродро░ройрпН рооро╛ро╡рпАро░ройрпН роЕрокро┐роироирпНродтАж",positive,positive
ta,рокрпНро│ро╛роХрпН роЯрпА роХрпБроЯро┐рокрпНрокрпЛроорпН ЁЯШКЁЯШК https://t.co/cYBVJSfNnO,positive,positive
ta,"роЪрпБродроирпНродро┐ро░роорпН ро╡ро╛роЩрпНроХро┐ропро╡рпБроЯройрпЗропрпЗ рокроЯрпЗро▓рпН роЕро╡ро░рпНроХро│рпН роХро╛ро╖рпНроорпАро░рпН роорпБро┤рпБро╡родрпИропрпБроорпН роЗроирпНродро┐ропро╛ро╡рпБроЯройрпН роЗрогрпИроХрпНроХ родро┐роЯрпНроЯрооро┐роЯрпНроЯрпБ ро╡рпЗро▓рпИ роЪрпЖропрпНродро╛ро░рпН. 

роЕродрпИ родтАж https://t.co/ckWrXuDh4I",negative,neutral
ta,@VanathiBJP ро╡ро╛ройродро┐роХрпНроХрпБ роиро╛роЯрпНроЯрпБро▓ роОройрпНрой роироЯроХрпНроХрпБродрпБройрпНройрпЗ родрпЖро░ро┐ропро▓рокрпЛро▓.,neutral,neutral
ta,RT @s45MRVFK4ZBrzuT: ро╣ро╛ропрпН рокро┐ро░рогрпНроЯрпНро╕рпН https://t.co/kLsNdQI1Zh,neutral,neutral
ta,RT @TrollywoodV2: #Viswasam 125 родро┐ропрпЗроЯрпНроЯро░рпНро▓ роУроЯрпБро▒родрпБроХрпНроХрпБ роОродро┐ро░рпН роорпБроЯрпНроЯрпБроХрпН роХрпБроЯрпБроХрпНроХ роорпЖройрпНроЯро▓ро╛ройрпБроЩрпНроХ рокрпЛрой decade'ро▓ ро╡роирпНрод роЪроирпНродро┐ро░роорпБроХро┐роп родрпВроХрпНроХро┐роЯрпНроЯрпБ ро╡ро░рпНро▒ро╛ройрпБтАж,positive,neutral
ta,"RT @CS14101980: роОройроХрпНроХрпБ роородрпБроХрпНроХроЯрпИ роироЯродрпНродрпБро░ роХроЯрпНроЪро┐ропрпБроЯройрпН роХрпВроЯрпНроЯрогро┐ройро╛родро╛ройрпН рокро┐ро░роЪрпНроЪро┐ройрпИ, роородрпБроЖро▓рпИ роироЯродрпНродрпБро░ роХроЯрпНроЪро┐ройро╛ рокро┐ро░роЪрпНроЪро┐ройрпИропро┐ро▓рпНро▓рпИ.
# RANJITH# TTV https://тАж",neutral,neutral
ta,"RT @ChennaiIPL: родро▓ родрпЛройро┐ ро╡ро┤ро┐ родройро┐ ро╡ро┤ро┐!  ЁЯЩМЁЯШН
рооро╛ро░рпНроЪрпН 23 роорпБродро▓рпН @StarSportsIndia-ро▓рпН #VIVOIPL роирпЗро░ро▓рпИ!
#WhistlePodu @msdhoni @RishabPant777 https://tтАж",neutral,neutral
ta,"RT @aravin6666: @TrollywoodV2 роТро░рпБ рооройрпНройро░рпН роОро╡рпНро╡ро┤ро┐ропрпЛ роЕро╡рпНро╡ро┤ро┐
роЪро┐рокрпНрокро╛ропрпНроХро│рпБроорпН родро╛ройрпЗ ЁЯдФЁЯдФЁЯдФ

ро░роЬро┐ройро┐ рокройрпНро▒род рокро╛ро░рпНродрпНродро╛ 
роорпКроХрпНроХрпИропро╛ роЗро░рпБроХрпНроХрпБ !!!

роЕрокрпНрокрпЛ роЗродрпБро╡ро░рпИ роЕтАж",neutral,neutral
ta,"RT @Drunke_Monkey: WC рокрпЛро▒родрпБроХрпНроХрпБ роорпБройрпНройро╛роЯро┐
роЖроЯ рокрпЛро▒ ODI series
роЖроХ роОроирпНрод ро╡ро┐род experiment роЗро▓рпНро▓ро╛роо
роЙро░рпБрокрпНрокроЯро┐ропро╛ роЖроЯро┐
5-0 ratio LA ро╡ро┐ройрпН рокрогрпНрогройрпБроорпН!!ЁЯЩП",positive,neutral
ta,"RT @krishnaskyblue: рокро┐ро░родрооро░рпН роорпЛроЯро┐ роиро┐роХро┤рпНроЪрпНроЪро┐роХрпНроХрпБ роЗроЯроорпН родро░ роЖроирпНродро┐ро░ рокро▓рпНроХро▓рпИроХрпНроХро┤роХроорпН рооро▒рпБрокрпНрокрпБ...

//роОройрпНрой роЪро╛ро░рпН ро░рпЖрогрпНроЯрпБ роЪро╛ро░рпНроЬро┐роХро▓рпН ро╕рпНроЯрпНро░рпИроХрпН роироЯродрпНродро┐ роЗро░рпБроХрпНтАж",negative,negative
ta,RT @maalan: роЕрокро┐роироирпНродройрпИ роорпАроЯрпНрокрпБ рокро▒рпНро▒ро┐ роиро╛ройрпН роОро┤рпБродро╛род fake рокродро┐ро╡рпБ роТройрпНро▒рпБ facebookро▓рпН роЙро▓ро╛ ро╡ро░рпБроХро┐ро▒родрпБ. роиро╛ройрпН роЕрокро┐роироирпНродройрпН рокро▒рпНро▒ро┐ роОроирпНрод роТро░рпБ рокродро┐ро╡рпБроорпН роОро┤рпБродро╡ро┐ро▓рпНро▓рпИ роОтАж,negative,negative
ta,"RT @5Murugesan: ""роУро│ро┐ рокроЯрпИродрпНрод  
  роХрогрпНрогро┐ройройрпН ""

""роЙро▒рпБродро┐ роХрпКрогрпНроЯ 
    роирпЖроЮрпНроЪро┐ройройрпН "" 

роХроЯрпБроорпИ роХрпКрогрпНроЯ 
        родрпЛро│ро┐ройройрпН""

родрпЖро│ро┐ро╡рпБ рокрпЖро▒рпНро▒ 
    роородро┐ропро┐ройройрпН"" 

#AтАж",neutral,neutral
ta,@rajakumaari роЗрокрпНрокрпЛ роЕроирпНрод ро╡ро┐ро░ро▓ роЪрокрпНрокрпБро▒род родро╡ро┐ро░ роорпЛроЯро┐роХрпНроХрпБ ро╡рпЗро▒ ро╡ро┤ро┐ роЗро▓рпНро▓рпИ рокро▓рпНро▓рпБрокроЯро╛роо роЪрпЖропрпНропройрпБроорпН,positive,positive
ta,"RT @saththukutty: роХро┐ро│рпИроХро│ро┐ро▓ро┐ро▓ро┐ро░рпБроирпНродрпБ
родрпЖройрпНро▒ро▓ро┐ройрпН роЪро┐родро▒ро▓рпНроХро│рпН 
рооройродрпИ роЪро┐ро▓рпБроЪро┐ро▓рпБродрпНродрпБ 
ро╡ро░рпБроЯрпБроорпН роУроЪрпИроХро│рпН
рокроЪрпНроЪрпИ роиро┐ро▒роорпН родро░рпБроорпН 
ро╡ро╛роЪройрпИ родро░рпБрогроорпН
роЗродрпБ рокрпЛродрпБроорпН роОройроХрпНтАж",neutral,neutral
ta,"RT @Narayanan3: ""роЗроирпНродро┐ропро╛ роорпАродрпБ рокрпЛро░рпН родрпКроЯрпБроХрпНроХ рокро╛роХро┐ро╕рпНродро╛ройрпБроХрпНроХрпБ ро╡ро┐ро░рпБрокрпНрокрооро┐ро▓рпНро▓рпИ!"" -роЗроорпНро░ро╛ройрпН роХро╛ройрпН.

родрпБрогро┐ро╡рпБроорпНроЗро▓рпНро▓рпИ,  родроХрпБродро┐ропрпБроорпН роЗро▓рпНро▓рпИ!",neutral,neutral
ta,"RT @KasthuriShankar: #WingCommanderAbhinandan Chennai lad, comes from decorated airforce family. роЕрокро┐роироирпНродройрпН, роЪрпЖройрпНройрпИропро┐ройрпН роороХройрпН. родро┐ро░рпБрокрогроорпВро░рпН роХро┐тАж",positive,positive
ta,"RT @maharaja_2020: роЕро╡ройрпБроЩрпНроХ роХро╛ро░рпН роЯрпИропро░рпН роироХрпНроХрпБроиро╛роЩрпНроХ роирпА роОродрпИ роироХрпНроХ роХрпВроЯрпНроЯрогро┐ ро╡роЪрпНроЪ 

роОройрпНройрокрпНрок роЗроирпНродроорпНрооро╛ роЗрокрпНрокроЯро┐ рокрпЗроЪрпБро░ро╛роЩрпНроХ ропро╛ро░рпН роЗроирпНродроорпНрооро╛ЁЯдЧ

ЁЯШБроЗройрпНройрпБроорпН роиро┐ро▒рпИтАж",neutral,neutral
ta,"RT @Kubesh_Twitz: #SayNoToWar роЗроирпНрод роЯрпЗроХрпН роиро┐ройрпИроЪрпНроЪро╛ро▓рпЗ роЪро┐ро░ро┐рокрпНрокрпБ родро╛ ро╡ро░рпБродрпБ

роХрпКроЮрпНроЪроорпН роиро╛ро│рпН роорпБройрпНройро╛роЯро┐ роЪрогрпНроЯ роЪрпЖропрпНропрпБро╡рпЛроорпН роЯрпЗроХрпН рокрпЛроЯрпНроЯро╛ройрпБроЩрпНроХ роЗрокрпНрокрпЛ роЪрогрпНроЯ ро╡рпЗтАж",positive,positive
ta,RT @mohamed_hathim: роироорпНрооро▓ роироорпНрокро┐ ропро╛ро░рпБроорпН роироорпНрокро░рпН родро░рооро╛роЯрпНро▒ро╛роЩрпНроХ роЕро╡рпНро╡ро│ро╡рпБ роПройрпН роЗройрпНро╕рпНроЯро╛ ро░ро┐роХрпНро╡ро╕рпНроЯрпНроХрпВроЯ роЕроХрпНроЪрокрпНроЯрпН рокройрпНрой рооро╛роЯрпНро▒ро╛роЩрпНроХ. роХро░рпБрокрпНрокро╛ рокрпКро▒роирпНродродрпБ роОройрпН родтАж,negative,neutral
ta,"RT @banu_heartz: рооро▒роирпНродро┐ро░рпБроХрпНроХ ро╡ро╛ропрпНрокрпНрокро┐ро▓рпНро▓рпИ,,
роЙройрпНройрпИ рооро▒роХрпНроХ ро╡рпЗрогрпНроЯрпБроорпН роОройрпНро▒рпБ роиро┐ройрпИродрпНродродро┐ро▓рпНро▓рпИ,,,
роЙропро┐ро░рпН роЙроЯро▓рпИ ро╡ро┐роЯрпНроЯрпБ рокро┐ро░ро┐ропрпБроорпН ро╡ро░рпИ роЗроирпНрод роЕройрпНрокро┐ройрпН родро░ро┐роЪройроорпНтАж",neutral,neutral
ta,роОродро┐ро░ро┐ роиро╛роЯрпНроЯрпБроОро▓рпНро▓рпИропрпИ  родро╛рогрпНроЯро┐ рокрпЛрог роЕрокро┐роироирпНродройрпН рокродрпНродро┐ро░рооро╛ роЗро░рпБроХрпНроХро╛ро░рпН .роЪрпКроирпНрод роиро╛роЯрпНроЯрпБроХрпНроХрпБро│рпНро│ роЗро░рпБроирпНрод роорпБроХро┐ро▓ройрпИ роЗройрпНройрпБроорпН роХро╛рогрпБроорпН!! https://t.co/7F9zvwzW80,positive,positive
ta,"RT @laksh_kgm: роЪрогрпНроЯрпИропро┐ро▓рпН роТро░рпБро╡ро░рпНродро╛ройрпН ро╡рпЖро▓рпНро▓ро▓ро╛роорпН 
роЪрооро╛родро╛ройродрпНродро┐ро▓рпН роЗро░рпБро╡ро░рпБроорпН ро╡рпЖро▓рпНро▓роорпБроЯро┐ропрпБроорпН !",positive,neutral
ta,@Nothg__here_ роЕродрпБ рокро┤рпИроп роХродрпИ,neutral,neutral
ta,"рокроЮрпНроЪрпБ рооро┐ро▓рпНро▓ро┐ро▓рпН родрпА ро╡ро┐рокродрпНродрпБ : роТро░рпБ роХрпЛроЯро┐ роородро┐рокрпНрокро┐ро▓ро╛рой рокрпКро░рпБроЯрпНроХро│рпН роЪрпЗродроорпН
https://t.co/KIiW2Ui9jq
#TamilNadu | #FireAccident",neutral,neutral
ta,@mymindvoice @whimsytulip Defense minister ропрпЗ роХро╛рогрпЛроорпН. рокро┐ро░родрооро░рпН роЗро░рпБроирпНродро╛ роОройрпНрой роЪрпЖродрпНродро╛ роОройрпНрой ЁЯдмЁЯдмЁЯдм,positive,neutral
ta,RT @murugan_itz: роЙро▓роХроорпЗ родрпЖро░ро┐ропро╛роо ро╡ро╛ро┤рпНро▒ро╡роЩрпНроХро│рпБроорпН роЗроирпНрод роЙро▓роХродрпНродрпБро▓ родро╛ройрпН роЗро░рпБроХрпНроХро╛роЩрпНроХ..,neutral,neutral
ta,"RT @malarkodi36365: роТро░рпБ ро╡ро┐ро▒роХрпБ ро╡рпЖроЯрпНроЯро┐ роПро┤рпИропро╛роХ роЗро░рпБроирпНродродро╛ро▓рпН роОро▓рпНро▓ро╛ро░рпИропрпБроорпН роХрпБроорпНрокро┐роЯрпБро▒рпЗроЩрпНроХрпЛ роХрпБроорпНрокро┐роЯрпБро▒рпЗроЩрпНроХрпЛ роЪрпКро▓рпНро╡ро╛ройрпН ропро╛ро░рпБроорпН родро┐ро░рпБроорпНрокро┐ ро╡рогроЩрпНроХро▓!
родро┐роЯрпАро░рпЖройтАж",neutral,neutral
ta,RT @Umamaheshwarss: роорогро┐ 5 родро╛рогрпНроЯро┐роЯрпБроЪрпНроЪро┐ рокроХрпНроХродрпНродрпБро▓ роЪро░рпНроЪрпНроЪро┐ро▓ тЫк роОродрпЛ ро╕рпНродрпЛродрпНродро┐ро░ рокрогрпНроЯро┐роХрпИропро╛роорпН роиро▓рпНро▓ рокрпКрогрпНрогрпБ роЗро░рпБроирпНродро╛ роЪрпИроЯрпН роЕроЯро┐рокрпНрокрпЛроорпН ро▓рпИройрпН роХро┐роЯрпИроЪро╛ роЯро╛ро╡рпН роЕтАж,neutral,positive
ta,RT @MJ_twets: роЙро▓роХро┐ройрпН рооро┐роХроХрпНроХрпКроЯро┐роп роирпЛропрпНроХрпНроХрпБ роХро╡ро▓рпИрокрпНрокроЯрпБродро▓рпН роОройрпНро▒рпБ рокрпЖропро░рпН.!,neutral,neutral
ta,@Hellooooooo4U @roamingraman @eganesakumar @rajakumaari роОродро┐ро░рпНродрпНродрпБ роХрпЗро│рпНро╡ро┐ роХрпЗроЯрпНроЯро╛ родрпЗроЪ родрпБро░рпЛроХро┐ ройрпБ роЪрпКро▓рпНро▒родрпБ роЙроЩрпНроХ ро░родрпНродродрпНродрпБтАж https://t.co/h1vyNamM2Y,negative,positive
ta,RT @Senthil87760655: роЕроЯ  рокро╛ро╡родрпНрод.... роиро╛роЯрпБ роорпБро┤рпБро╡родрпБроорпН роХро┐ро│рпИроХро│рпН  роХрпКрогрпНроЯ  роХроЯрпНроЪро┐роХрпНроХрпБ  ро╡роирпНрод  роЪрпЛродрогрпИропрпИ  рокро╛ро░рпБроЩрпНроХро│рпЗройрпН ЁЯШВЁЯШВ https://t.co/6KtS7Xvl7f,positive,positive
ta,RT @iam_ni_la: родрооро┐ро┤роХ роороХрпНроХро│рпН роорпЗро▓рпН роЕроХрпНроХро▒рпИ роЗро▓рпНро▓ро╛рооро▓рпН 10 роХрпЛро░ро┐роХрпНроХрпИропрпБроЯройрпН рокро╛роороХ роЕродро┐роорпБроХро╡рпБроЯройрпН роХрпВроЯрпНроЯрогро┐ ро╡рпИродрпНродродрпБ роЕродро┐ро▓рпН роТройрпНро▒рпБ роОро┤рпБро╡ро░рпИ ро╡ро┐роЯрпБро╡ро┐роХрпНроХ ро╡рпЗрогрпНроЯрпБроорпН!тАж,neutral,neutral
ta,RT @Actor_Vivek: роОрокрпНрокро╛роЯрпБ рокроЯрпНроЯро╛ро╡родрпБ ро╡ро┐рооро╛ройрокрпНрокроЯрпИ ро╡рпАро░ро░рпН роЕрокро┐ роироирпНродройрпИ рокро╛родрпБроХро╛рокрпНрокро╛роХ роорпАроЯрпНроЯрпБ ро╡ро░ро▓рпН ро╡рпЗрогрпНроЯрпБроорпН роОройрпНрокродрпЗ роироорпН роЗро▒рпИроЮрпНроЪро▓рпН. POW роОройрокрпНрокроЯрпБроорпН рокрпЛро░рпН ро╡рпАро░тАж,positive,positive
ta,"RT @ThanthiTV: родрпАро╡ро┐ро░ро╡ро╛род родро╛роХрпНроХрпБродро▓рпБроХрпНроХрпБ родроХрпНроХ рокродро┐ро▓роЯро┐ роХрпКроЯрпБродрпНрод роЗроирпНродро┐роп ро╡ро┐рооро╛ройрокрпНрокроЯрпИ ро╡рпАро░ро░рпНроХро│рпБроХрпНроХрпБ роиройрпНро▒ро┐, рокро╛ро░ро╛роЯрпНроЯрпБроХрпНроХро│рпН - родрпБрогрпИ роорпБродро▓роорпИроЪрпНроЪро░рпН рокройрпНройрпАро░рпНроЪрпЖтАж",positive,positive
ta,"RT @bbctamil: ""рокрпЛро░рпИ роХрпКрогрпНроЯро╛роЯрпБрокро╡ро░рпНроХро│рпН рокрпЛро░ро┐ро▓рпН роХро▓роирпНродрпБроХрпКро│рпНро╡родро┐ро▓рпНро▓рпИ. рокрпЛро░ро┐ро▓рпН рокроЩрпНроХрпБрокрпЖро▒рпБрокро╡ро░рпНроХро│рпН роЕродройрпИ роХрпКрогрпНроЯро╛роЯрпБро╡родро┐ро▓рпНро▓рпИ."" 
| https://t.co/h15JhL8Brs |",neutral,neutral
ta,@vickytalkz роЗроирпНродрооро╛родро┐ро░ро┐ропро╛рой родрпЖро│ро┐ро╡рпБ роЗро▓роЩрпНроХрпИ рокрпЛро░ро┐ройрпН рокрпЛродрпБ роУро░рпБ роиро╛ропрпНроХрпНроХрпБроорпН ро╡ро░ро╡ро┐ро▓рпНро▓рпИропрпЗ роПройрпН?,neutral,neutral
ta,"RT @knowdavis: роЕроирпНрод роорпБродро▓рпН ро╡рпАроЯро┐ропрпЛ роОроЯрпБродрпНродрпБ роЕроирпНрод родрпБро▓рпБроХрпНроХрогрпБроЩрпНроХ роороЯрпНроЯрпБроорпН ро╡ро╛роЯрпНроЪрокрпНро▓ рокрпЛроЯро▓рпЖройрпНрой, роЗроирпНроирпЗро░роорпН рокро╛роХро┐ро╕рпНродро╛ройрпЛроЯ роЙрогрпНроорпИропро╛рой роорпБроХроорпН родрпЖро░ро┐роЮрпНроЪро░рпБроХрпНроХрпБроорпН,тАж",negative,negative
ta,"RT @karthik_klt: рооро╛роЯрпНроЯрпБроХрпНроХро▒ро┐ роХрпНроХрпБ рокрпЛро░ро╛роЯро┐роп роОроирпНрод роХро░рпБроЮрпНроЪроЯрпНроЯрпИ ропро╛родрпБ роироороХрпНроХро╛роХ роЗро▒роирпНрод 2 родрооро┐ро┤ро░рпНроХро│рпН ро╡рпАроЯрпНроЯрпБроХрпНроХрпБ рокрпЛройродрпБроЩрпНроХ..тЭУ   роПрогрпНроЯро╛ роХро╡рпБроЪро▓рпНропро╛ ""рокрпБро░роЯрпНроЪро┐тАж",neutral,neutral
ta,RT @dhanushk1990: 44 рокрпЗро░рпИ роХрпКройрпНройрпБроЯрпНроЯрпБ роЕро╡ройрпН роЪрооро╛родро╛ройроорпН рокрпЗроЪро▓ро╛роорпНройрпБ роХрпВрокрпНрокро┐роЯрпБро╡ро╛ройрпН роЕродрпБроХрпНроХрпБ роЗроирпНродро┐ропро╛ро╡рпБро▓ роЗро░рпБроХрпНроХрпБро▒ рокро╛роХро┐ро╕рпНродро╛ройро┐роХрпНроХрпБ рокрпКро▒роирпНрод рокропроХ роЖродро░ро╡рпБ ЁЯШПЁЯШПтАж,neutral,neutral
ta,"RT @asaravanan21: роОродрпНродрой родрпАро╡ро┐ро░ро╡ро╛родро┐роХро│рпИ родро╛ройрпНропро╛ роХрпКройрпНройрпАроЩрпНроХ? роТро░рпБ роЪрпЗройро▓рпНроХро╛ро░ройрпН роОройрпНройроЯро╛ройрпНройро╛ 300 рокрпЗро░рпБройрпНро▒ро╛ройрпН, роТро░рпБродрпНродройрпН 500 рокрпЗро░рпБройрпНро▒ро╛ройрпН. роЖройро╛ роХроЯрпИроЪро┐ ро╡ро░рпИроХрпНроХрпБтАж",negative,positive
ta,@drramadoss роЙроЩрпНроХ роХро┐роЯрпНроЯ роЗро░рпБроирпНродрпБ ро╡ройрпНройро┐роп роЪроорпБродро╛ропродрпНродрпИ родро╛ройрпН роорпБродро▓ро┐ро▓рпН роХро╛роХрпНроХ ро╡рпЗрогрпНроЯрпБроорпН.,neutral,neutral
ta,роироЯро┐роХрпИ рокродрпНроорокро┐ро░ро┐ропро╛ рокро┐ро▒роирпНрод родро┐ройроорпН - Cinema Pluz https://t.co/kNwgSuL7mv,neutral,neutral
ta,"RT @saniyan_2sani: роЕроЩрпНроХ ро░ро╛рогрпБро╡ ро╡рпАро░ройрпИ роЕроЯро┐роХрпНроХрпБро▒ро╛ройрпБроЩрпНроХ роЗроЩрпНроХ роЗройрпНройрпБроорпН роорпЛроЯро┐роп роХрпБро▒рпИ роЪрпКро▓рпНро▓ро┐роЯрпНроЯрпБ роХро┐роЯроХрпНроХрпБро▒ро╛ройрпБроЩрпНроХ 
          
    роПройрпНроЯро╛ роОродро┐ро░ро┐ родро╛роХрпНроХрпБроорпНтАж",neutral,neutral
te,"RT @JanaSenaParty: р░ХтАМр░бтАМр░к р░ЧтАМр░бтАМр░ктАМр░▓р▒Л р░ЬтАМр░итАМр░╕р▒Зр░ир░╛р░ир░┐р░Хр░┐ р░Ер░кр▒Вр░░р▒Нр░╡ р░╕р▒Нр░╡р░╛р░ЧтАМр░др░В.
#JanaSenaPorataYatra https://t.co/VBPgof07ir",positive,negative
te,"RT @JanaSenaParty: JanaSena Chief @PawanKalyan schedule (Feb 28th)

3 PM : 

р░░р░╛р░Ьр░Вр░кр▒Зр░Я р░░р▒Лр░бр▒Н р░╖р▒Л 

4 PM : 
 
*р░░р▒Ир░▓р▒Нр░╡р▒З р░Хр▒Лр░бр▒Вр░░р▒Б р░▓р▒Л р░░р▒Лр░бр▒Н р░╖р▒Л 

* р░кр░╛р░дтАж",neutral,neutral
te,"RT @JanaSenaParty: р░кр▒Нр░░р░др░┐ р░Ер░Вр░зр▒Нр░░р░кр▒Нр░░р░жр▒Зр░╢р▒Н р░кр▒Мр░░р▒Бр░бр░┐р░Хр░┐ р░╕р░Вр░╡р░др▒Нр░╕р░░р░╛р░ир░┐р░Хр░┐ 10 р░▓р░Хр▒Нр░╖р░▓ р░нр▒Ар░ор░╛, 5 р░╕р░Вр░╡р░др▒Нр░╕р░░р░╛р░▓р░Хр░┐ 50 р░▓р░Хр▒Нр░╖р░▓ р░нр▒Ар░ор░╛. р░Ьр░ир░╕р▒Ир░ир░┐р░Хр▒Бр░▓р░др▒Лр░ир▒З р░ор▒Кр░жр░▓р▒Б р░кр▒Жр░бр▒Бр░др▒Бр░ир▒Нр░ир░╛ - @PтАж",positive,positive
te,"RT @JanaSenaParty: р░╕р▒Ар░о р░кр▒Нр░░р░Ьр░▓р▒Нр░ир░┐ р░жр░╛р░░р░┐р░жр▒Нр░░р▒Нр░пр░Вр░▓р▒Лр░Хр░┐ р░ир▒Жр░Яр▒Нр░Яр░┐ р░Хр▒Кр░Вр░жр░░р▒Б р░ир░╛р░пр░Хр▒Бр░▓р▒Б р░Жр░░р▒Нр░ер░┐р░Хр░Вр░Чр░╛ р░Ор░жр▒Бр░Чр▒Бр░др▒Бр░ир▒Нр░ир░╛р░░р▒Б.
#JanaSenaPorataYatra https://t.co/QE6j1gmpLl",negative,negative
te,"RT @purijagan: р░бр░Ър▒Н ,р░лр▒Нр░░р▒Жр░Вр░Ыр▒Н , р░мр▒Нр░░р░┐р░Яр░┐р░╖р▒Н .. р░Ор░кр▒Нр░кр▒Бр░бр▒В р░Ор░╡р░бр▒Жр░╡р░бр▒Л р░Жр░Хр▒Нр░░р░ор░┐р░Вр░Ър▒Бр░Хр▒Лр░╡р░бр░ор▒Зр░ир░╛ ? р░Ж р░кр░ир░┐ р░ор░ир░ор▒Жр░Вр░жр▒Бр░Хр▒Б р░Ър▒Зр░пр░бр░В р░▓р▒Зр░жр▒Б ? р░Ор░кр▒Нр░кр▒Бр░бр▒Б р░И р░Зр░Вр░бр░┐р░пр░ир▒Нр░╕р▒Н р░ор▒Ар░ж р░кр░бр░┐р░кр▒Лр░др░╛тАж",negative,negative
te,RT @TrendPSPK: р░ир░╛р░пр░Хр▒Бр░бр░┐р░╡р▒И р░ир░бр░┐р░кр░┐р░Вр░Ър▒Б р░Ер░ир▒Нр░и @PawanKalyan ЁЯЩП https://t.co/1PnuSrEfMr,positive,positive
te,"RT @naralokesh: р░╡р░╛р░▓р▒Нр░др▒Зр░░р▒Н р░бр░┐р░╡р░┐р░ЬтАМр░ир▒НтАМр░▓р▒Л р░Тр░Хр▒Нр░Х р░╕тАМр░░тАМр░Хр▒Б р░░тАМр░╡р░╛р░гр░╛ р░жр▒Нр░╡р░╛р░░р░╛ р░Пр░бр░╛р░жр░┐р░Хр░┐ р░░р▒В.6500 р░Хр▒Лр░Яр▒Нр░▓р▒Б р░Жр░жр░╛р░пр░В р░др▒Жр░Ър▒Нр░Ър▒З р░дтАМр░▓тАМр░ир▒Б р░др▒Ар░╕р▒Зр░╕р░┐, р░Пр░бр░╛р░жр░┐р░Хр░┐ р░░р▒В.500 р░Хр▒Лр░Яр▒Нр░▓р▒Б р░░р░╛тАж",negative,negative
te,р░кр░╛р░кр░В р░кр░┐р░Ър▒Нр░Ър░┐ р░╕р▒Ар░мр▒Ар░ир▒Н##р░Хр░┐ р░др▒Жр░▓р░┐р░╕р▒А р░Йр░Вр░Яр▒З р░ор▒Бр░Вр░жр▒З р░╢р░Вр░Хр▒Бр░╕р▒Нр░ер░╛р░кр░и р░Ър▒Зр░╕р▒Зр░╡р░╛р░бр▒Б https://t.co/lsI44tqmWf,negative,negative
te,"RT @ycheap_ers: р░╡р░╛р░▓р▒Нр░др▒Зр░░р▒Б р░бр░┐р░╡р░┐р░Ьр░ир▒Н р░Зр░Вр░Хр░╛ р░кр▒Вр░░р▒Нр░др░┐ р░Хр░╛р░▓р▒Зр░жр▒Б, р░Ер░Вр░жр▒Бр░▓р▒Л р░Хр▒Кр░Вр░д р░нр░╛р░Чр░В р░Тр░бр░┐р░╕р▒Нр░╕р░╛ р░Хр░┐ р░╡р▒Жр░│р▒Нр░▓р▒З р░Ер░╡р░Хр░╛р░╢р░В р░Йр░Вр░жр░┐

р░ор▒А р░кр▒Ар░д р░мр▒Бр░░р▒Нр░░р░др▒Л р░др░кр▒Нр░кр▒Бр░бр▒Б р░кр▒Нр░░р░Ър░╛р░░р░В р░Ър▒Зр░пр░Хр░Вр░бр░┐тАж",negative,negative
te,RT @ncbn: р░кр▒Ир░▓р░Яр▒Н р░Ер░нр░┐р░ир░Вр░жр░ир▒Н р░Хр▒Нр░╖р▒Зр░ор░Вр░Чр░╛ р░др░┐р░░р░┐р░Чр░┐ р░░р░╛р░╡р░╛р░▓р░ир░┐ р░кр▒Нр░░р░╛р░░р▒Нр░ер░┐р░╕р▒Нр░др▒Бр░ир▒Нр░ир░╛,positive,neutral
te,"RT @naralokesh: р░░р▒Ир░▓р▒Нр░╡р▒Зр░Ьр▒Лр░ир▒Н р░Пр░░р▒Нр░кр░╛р░Яр▒Бр░▓р▒Лр░ир▒В р░░р░╛р░╖р▒Нр░Яр▒Нр░░ р░╡р░┐р░нтАМр░ЬтАМр░ир░▓р░╛р░Вр░Яр░┐ р░Ер░ир▒Нр░пр░╛р░птАМр░ор▒З. 
р░Ер░кр▒Нр░кр▒Бр░бр▒Б р░Жр░жр░╛р░пр░В р░Йр░ир▒Нр░итАМ р░╣р▒Ир░жтАМр░░р░╛р░мр░╛р░жр▒Н р░др▒Жр░▓р░Вр░Чр░╛р░гтАМр░Хр░┐ р░Зр░Ър▒Нр░Ър▒Зр░╢р░╛р░░р▒Б, 
р░Зр░кр▒Нр░кр▒Бр░бр▒Б 6500тАж",negative,negative
te,RT @darling_kamalk: р░др░и р░Ер░нр░┐р░ор░╛р░и р░ир░╛р░пр░Хр▒Бр░бр▒Б р░Ер░пр░┐р░ир░╛ @PawanKalyan р░Чр░╛р░░р░┐р░ир░┐ р░жр░Чр▒Нр░Чр░░ р░ир▒Бр░Вр░бр░┐ р░Ър▒Вр░╕р░┐р░и р░др░░р▒Бр░гр░Вр░▓р▒Л р░Ж р░ор░╣р░┐р░│ р░Хр░Вр░Я р░ир▒Бр░Вр░Ър░┐ р░Жр░ир░Вр░жр░нр░╛р░╖р▒Нр░кр░╛р░▓р▒БЁЯЩПЁЯП╗ р░Зр░▓р░╛р░Вр░Яр░┐ р░кр▒Нр░░р▒Зр░о р░Тр░Хр▒Нр░ХтАж,positive,positive
te,"RT @PawanKalyanFan: JanaSena Chief @PawanKalyan schedule (Feb 28th)

3 PM : 

р░░р░╛р░Ьр░Вр░кр▒Зр░Я р░░р▒Лр░бр▒Н р░╖р▒Л 

4 PM : 
 
* р░░р▒Ир░▓р▒Нр░╡р▒З р░Хр▒Лр░бр▒Вр░░р▒Б р░▓р▒Л р░░р▒Лр░бр▒Н р░╖р▒Л 

* р░кр░╛тАж",neutral,neutral
te,"RT @naralokesh: р░░р▒Ир░▓р▒Нр░╡р▒Зр░Ьр▒Лр░ир▒Н р░Пр░░р▒Нр░кр░╛р░Яр▒Бр░▓р▒Лр░ир▒В р░░р░╛р░╖р▒Нр░Яр▒Нр░░ р░╡р░┐р░нтАМр░ЬтАМр░ир░▓р░╛р░Вр░Яр░┐ р░Ер░ир▒Нр░пр░╛р░птАМр░ор▒З. 
р░Ер░кр▒Нр░кр▒Бр░бр▒Б р░Жр░жр░╛р░пр░В р░Йр░ир▒Нр░итАМ р░╣р▒Ир░жтАМр░░р░╛р░мр░╛р░жр▒Н р░др▒Жр░▓р░Вр░Чр░╛р░гтАМр░Хр░┐ р░Зр░Ър▒Нр░Ър▒Зр░╢р░╛р░░р▒Б, 
р░Зр░кр▒Нр░кр▒Бр░бр▒Б 6500тАж",negative,negative
te,"RT @JanaSenaParty: р░Яр▒Ар░бр▒Ар░кр▒А р░ир░┐ р░Йр░др░┐р░Хр░┐ р░Жр░░р▒Зр░╕р░┐р░и р░кр░╛р░░р▒Нр░Яр▒А р░Ьр░ир░╕р▒Зр░и р░Чр▒Бр░░р▒Нр░др▒Б р░кр▒Жр░Яр▒Нр░Яр▒Бр░Хр▒Лр░Вр░бр░┐ - @PawanKalyan in Kadapa.

#JanaSenaPorataYatra",negative,negative
te,"RT @naralokesh: р░итАМр░░р▒Зр░Вр░жр▒Нр░░...р░итАМр░ор▒Нр░ор░┐р░Вр░Ър░┐ 
р░ор▒Лр░бр░┐..р░ор▒Лр░╕р░В р░Ър▒Зр░╕р▒З р░╡р░╛р░░р▒Б р░Ер░ир░┐ 
р░░р▒Ир░▓р▒Нр░╡р▒Зр░Ьр▒Лр░ир▒Н р░кр▒Нр░░тАМр░ХтАМр░ЯтАМр░итАМр░др▒Л р░отАМр░░р▒Лр░╕р░╛р░░р░┐ р░░р▒Бр░Ьр▒Бр░╡р▒Ир░Вр░жр░┐.
р░мр░┐р░бр▒Нр░бтАМ(р░╡р░┐р░╢р░╛р░Ц р░░р▒Ир░▓р▒Нр░╡р▒З)р░Хр▒Б р░ЬтАМр░ир▒Нр░отАМр░ир░┐тАж",negative,negative
te,"RT @jssoldiers: р░░р░╛р░Ьр░Хр▒Ар░п р░Ер░╡р░┐р░ир▒Ар░др░┐р░ир░┐ р░ор░Яр▒Нр░Яр▒Бр░мр▒Жр░бр░┐р░др▒З,
р░мр▒Лр░░р▒Нр░бр░░р▒Нр░▓р▒Л р░кр▒Лр░░р░╛р░бр▒З р░╕р▒Ир░ир░┐р░Хр▒Бр░бр░┐р░Хр░┐ р░ир▒Ир░др░┐р░Х р░Ър▒Зр░пр▒Вр░др░ир░┐р░Ър▒Нр░Ър░┐р░ир░Яр▒Нр░Яр▒З!

р░жр▒Зр░╢р░В р░Хр▒Лр░╕р░В р░кр▒Нр░░р░╛р░гр░╛р░▓р░┐р░Ър▒Нр░Ър▒З р░╕р▒Ир░ир░┐р░Хр▒Бр░бр▒Б р░Ер░Яр▒Бр░╡р▒Ир░кр▒Б.тАж",positive,positive
te,"RT @UttarandhraNow: р░░р▒Ир░▓р▒Нр░╡р▒З р░Ьр▒Лр░ир▒Н р░╡р░Ър▒Нр░Ър░┐р░Вр░жр░┐ р░Ър░Вр░жр▒Нр░░р░мр░╛р░мр▒Б р░жр░пр░╡р░▓р░и
- @RamMNK 

р░жр░┐р░Хр▒Нр░Хр▒Бр░ор░╛р░▓р░┐р░и р░░р▒Ир░▓р▒Нр░╡р▒З р░Ьр▒Лр░ир▒Н р░Зр░╕р▒Нр░др▒З р░Ер░Вр░др▒З, р░Зр░╡р▒Нр░╡р░Хр░кр▒Лр░др▒З р░Ор░Вр░д
- @naralokesh https:тАж",negative,negative
te,"RT @2019YSRCP: р░ир░╛р░Хр▒Б 2 р░Пр░│р▒Нр░▓ р░ор▒Бр░Вр░жр▒З р░Ър▒Жр░кр▒Нр░кр░╛р░░р▒Б р░Ор░▓р▒Жр░Хр▒Нр░╖р░ир▒Нр░╕р▒Н р░ор▒Бр░Вр░жр▒Б р░пр▒Бр░жр▒Нр░зр░В р░╡р░╕р▒Нр░др░╛р░жр░┐ р░Ер░ир░┐ -р░кр░╡р░ир▒Н р░Хр░│р▒Нр░пр░╛р░гр▒Н 

р░Хр░╛р░╡р░╛р░▓р░ир▒З р░Хр▒Зр░Вр░жр▒Нр░░р░В р░ор░и р░Ьр░╡р░╛р░▓р▒Нр░ир░┐ р░Ър░Вр░кр░┐ р░кр░╛р░Хр░┐р░╕р▒Нр░ер░╛р░ир▒Н р░ор▒АтАж",neutral,negative
te,"RT @darling_kamalk: р░Хр░бр░к р░ир░бр░┐р░мр▒Кр░бр▒Нр░бр▒Бр░и р░ир░┐р░▓р░мр░бр░┐ р░Ьр░Чр░ир▒Н р░Хр▒Б р░Ур░кр▒Жр░ир▒Н р░Ыр░╛р░▓р▒Жр░Вр░Ьр▒Н р░Ър▒Зр░╕р░┐р░и р░Ьр░ир░╕р▒Зр░ир░╛р░ир░┐ ЁЯТкЁЯП╗
Aaaaaattttt р░Зр░жр░┐р░░р░╛ р░Ьр░ир░╕р▒Зр░ир░╛р░ир░┐ р░кр░╡р░░р▒Н р░Ер░Вр░Яр▒З,
#JanasenaniInKADAPAтАж",neutral,neutral
te,"RT @naralokesh: р░╡р░╛р░▓р▒Нр░др▒Зр░░р▒Н р░бр░┐р░╡р░┐р░ЬтАМр░ир▒НтАМр░▓р▒Л р░Тр░Хр▒Нр░Х р░╕тАМр░░тАМр░Хр▒Б р░░тАМр░╡р░╛р░гр░╛ р░жр▒Нр░╡р░╛р░░р░╛ р░Пр░бр░╛р░жр░┐р░Хр░┐ р░░р▒В.6500 р░Хр▒Лр░Яр▒Нр░▓р▒Б р░Жр░жр░╛р░пр░В р░др▒Жр░Ър▒Нр░Ър▒З р░дтАМр░▓тАМр░ир▒Б р░др▒Ар░╕р▒Зр░╕р░┐, р░Пр░бр░╛р░жр░┐р░Хр░┐ р░░р▒В.500 р░Хр▒Лр░Яр▒Нр░▓р▒Б р░░р░╛тАж",negative,negative
te,"RT @JanaSenaParty: р░кр▒Нр░░р░др░┐ р░Ер░Вр░зр▒Нр░░р░кр▒Нр░░р░жр▒Зр░╢р▒Н р░кр▒Мр░░р▒Бр░бр░┐р░Хр░┐ р░╕р░Вр░╡р░др▒Нр░╕р░░р░╛р░ир░┐р░Хр░┐ 10 р░▓р░Хр▒Нр░╖р░▓ р░нр▒Ар░ор░╛, 5 р░╕р░Вр░╡р░др▒Нр░╕р░░р░╛р░▓р░Хр░┐ 50 р░▓р░Хр▒Нр░╖р░▓ р░нр▒Ар░ор░╛. р░Ьр░ир░╕р▒Ир░ир░┐р░Хр▒Бр░▓р░др▒Лр░ир▒З р░ор▒Кр░жр░▓р▒Б р░кр▒Жр░бр▒Бр░др▒Бр░ир▒Нр░ир░╛ - @PтАж",positive,positive
te,"RT @Vivek_Janasena: р░Жр░│р▒Нр░▓р░Чр░бр▒Нр░б р░▓р▒Л р░кр░╡р░ир▒Н р░Хр░│р▒Нр░пр░╛р░гр▒Н р░кр▒Нр░░р░нр░╛р░╡р░В р░Хр░Ър▒Нр░Ър░┐р░др░Вр░Чр░╛ р░Йр░Вр░Яр░╛р░жр░┐

50,000 р░╡р▒Зр░▓ р░ор░Вр░жр░┐ р░жр░╛р░Хр░╛..р░╡р▒Нр░пр░Хр▒Нр░др░┐р░Чр░др░Вр░Чр░╛ р░Хр░╛р░ир░┐, р░╕р░╛р░ор░╛р░Ьр░┐р░Хр░Вр░Чр░╛ р░Хр░╛р░ир░┐ р░кр░╡р░ир▒Н р░Хр░│р▒Нр░пр░╛тАж",positive,positive
te,"RT @naralokesh: р░░р▒Ир░▓р▒Нр░╡р▒Зр░Ьр▒Лр░ир▒Н р░Пр░░р▒Нр░кр░╛р░Яр▒Бр░▓р▒Лр░ир▒В р░░р░╛р░╖р▒Нр░Яр▒Нр░░ р░╡р░┐р░нтАМр░ЬтАМр░ир░▓р░╛р░Вр░Яр░┐ р░Ер░ир▒Нр░пр░╛р░птАМр░ор▒З. 
р░Ер░кр▒Нр░кр▒Бр░бр▒Б р░Жр░жр░╛р░пр░В р░Йр░ир▒Нр░итАМ р░╣р▒Ир░жтАМр░░р░╛р░мр░╛р░жр▒Н р░др▒Жр░▓р░Вр░Чр░╛р░гтАМр░Хр░┐ р░Зр░Ър▒Нр░Ър▒Зр░╢р░╛р░░р▒Б, 
р░Зр░кр▒Нр░кр▒Бр░бр▒Б 6500тАж",negative,negative
te,"RT @iBhagathSingh: р░Хр▒Кр░Вр░др░ор░Вр░жр░┐ р░ир░╛р░пр░Хр▒Бр░▓р▒Б р░Ър▒Жр░кр▒Нр░др▒Вр░Вр░Яр░╛р░░р▒Б р░др▒Кр░Вр░б р░Хр▒Вр░бр░╛ р░Чр▒Бр░бр▒Нр░▓р▒Б р░кр▒Жр░Яр▒Нр░Яр░▓р▒Зр░жр░ир░┐....

р░ор░░р░┐ р░Хр░╛р░ир▒А р░╡р░╛р░│р▒Нр░│р░▓р▒Нр░▓р▒Л р░ор░╛р░др▒Нр░░р░В р░мр░Вр░Чр░╛р░░р░кр▒Нр░кр▒Б р░Чр▒Бр░бр▒Нр░▓р▒Б р░Ор░▓р░╛ р░╡р░╕р▒Нр░др▒Бр░ир▒Нр░ир░╛р░пр▒ЛтАж",neutral,neutral
te,"RT @naralokesh: р░╡р░╛р░▓р▒Нр░др▒Зр░░р▒Н р░бр░┐р░╡р░┐р░ЬтАМр░ир▒НтАМр░▓р▒Л р░Тр░Хр▒Нр░Х р░╕тАМр░░тАМр░Хр▒Б р░░тАМр░╡р░╛р░гр░╛ р░жр▒Нр░╡р░╛р░░р░╛ р░Пр░бр░╛р░жр░┐р░Хр░┐ р░░р▒В.6500 р░Хр▒Лр░Яр▒Нр░▓р▒Б р░Жр░жр░╛р░пр░В р░др▒Жр░Ър▒Нр░Ър▒З р░дтАМр░▓тАМр░ир▒Б р░др▒Ар░╕р▒Зр░╕р░┐, р░Пр░бр░╛р░жр░┐р░Хр░┐ р░░р▒В.500 р░Хр▒Лр░Яр▒Нр░▓р▒Б р░░р░╛тАж",negative,negative
te,"RT @naralokesh: р░итАМр░░р▒Зр░Вр░жр▒Нр░░...р░итАМр░ор▒Нр░ор░┐р░Вр░Ър░┐ 
р░ор▒Лр░бр░┐..р░ор▒Лр░╕р░В р░Ър▒Зр░╕р▒З р░╡р░╛р░░р▒Б р░Ер░ир░┐ 
р░░р▒Ир░▓р▒Нр░╡р▒Зр░Ьр▒Лр░ир▒Н р░кр▒Нр░░тАМр░ХтАМр░ЯтАМр░итАМр░др▒Л р░отАМр░░р▒Лр░╕р░╛р░░р░┐ р░░р▒Бр░Ьр▒Бр░╡р▒Ир░Вр░жр░┐.
р░мр░┐р░бр▒Нр░бтАМ(р░╡р░┐р░╢р░╛р░Ц р░░р▒Ир░▓р▒Нр░╡р▒З)р░Хр▒Б р░ЬтАМр░ир▒Нр░отАМр░ир░┐тАж",negative,negative
te,"RT @JanaSenaParty: р░╕р▒Ар░о р░кр▒Нр░░р░Ьр░▓р▒Нр░ир░┐ р░жр░╛р░░р░┐р░жр▒Нр░░р▒Нр░пр░Вр░▓р▒Лр░Хр░┐ р░ир▒Жр░Яр▒Нр░Яр░┐ р░Хр▒Кр░Вр░жр░░р▒Б р░ир░╛р░пр░Хр▒Бр░▓р▒Б р░Жр░░р▒Нр░ер░┐р░Хр░Вр░Чр░╛ р░Ор░жр▒Бр░Чр▒Бр░др▒Бр░ир▒Нр░ир░╛р░░р▒Б.
#JanaSenaPorataYatra https://t.co/QE6j1gmpLl",negative,negative
te,"RT @iBhagathSingh: р░Хр░бр░к р░Ьр░┐р░▓р▒Нр░▓р░╛р░▓р▒Нр░▓р▒Л р░░р▒Мр░бр▒Ар░пр░┐р░Ьр░╛р░ир░┐р░Хр░┐, р░жр▒Мр░░р▒Нр░Ьр░ир▒Нр░пр░╛р░ир░┐р░Хр░┐ р░Хр░╛р░▓р░В р░Ър▒Жр░▓р▒Нр░▓р░┐р░Вр░жр░┐

р░др▒Жр░▓р▒Бр░Чр▒Б р░жр▒Зр░╢р░В р░др▒Л р░Хр░▓р▒Бр░╕р▒Нр░др░╛р░ир▒Нр░ир░╛р░В р░Ер░ир░┐ р░кр▒Нр░░р░др░┐р░кр░Хр▒Нр░╖р░╛р░▓р▒Б р░Ер░мр░жр▒Нр░зр░╛р░▓р▒Б р░ор░╛р░Яр▒Нр░▓р░╛тАж",negative,negative
te,"@RajinikanthTV9 р░╕р░╛р░░р▒Н, р░жр▒Ар░ир░┐р░ор▒Ар░ж р░бр░┐р░мр▒Зр░Яр▒Н р░кр▒Жр░Яр▒Нр░Яр░Вр░бр░┐ р░кр▒Нр░▓р▒Ар░Ьр▒Н. р░╡р▒Ар░│р▒Нр░▓р▒Б р░Ер░Вр░жр░░р░┐р░ир▒А р░Хр▒Бр░Яр▒Бр░Вр░мр░╛р░▓р░Яр▒К р░╕р░╣ р░кр░┐р░▓р▒Бр░╡р░ир▒Нр░бр░┐. https://t.co/8P4FqIBdvj",neutral,neutral
te,"RT @JSPShatagniTeam: р░Ьр░ир░╕р▒Ир░ир░┐р░Хр▒Бр░▓ р░ор▒Ар░ж р░жр░╛р░бр▒Бр░▓р▒Б р░Ър▒Зр░╕р▒Нр░др▒З р░ир▒Зр░ир▒Б р░Ър▒Вр░╕р▒Нр░др▒В р░Кр░░р▒Бр░Хр▒Лр░ир▒Б, р░ир░╛ р░Хр▒Лр░кр░В, р░др▒Жр░Чр░┐р░Вр░кр▒Б, р░кр▒Кр░Чр░░р▒Б р░ор▒Ар░░р▒Б р░др░Яр▒Нр░Яр▒Бр░Хр▒Лр░▓р▒Зр░░р▒Б р░Цр░мр░бр▒Нр░жр░╛р░░р▒Н - р░Хр░бр░кр░▓р▒Л р░Ьр░ир░╕р▒Зр░и р░Ер░зр░┐р░ир▒ЗтАж",positive,positive
te,"RT @SriVijayaNagesh: ""р░Зр░жр░┐ р░др▒Жр░▓р▒Бр░Чр▒Б р░кр▒Нр░░р░Ьр░▓ р░╕р▒Нр░╡р░╛р░др░Вр░др▒Нр░░р▒Нр░п р░кр▒Лр░░р░╛р░Яр░В
р░кр░╡р░ир▒Н р░Хр░│р▒Нр░пр░╛р░гр▒Н р░Чр░╛р░░р░┐р░Хр░┐ р░кр░Яр▒Нр░Яр░В р░Хр░Яр▒Нр░Яр▒Зр░Вр░жр▒Бр░Хр▒Б р░Жр░░р░╛р░Яр░В"" 

#JanasenaniInRAYALASEEMA
#janase htтАж",neutral,neutral
te,RT @ycheap_ers: р░мр▒Нр░░р░жр░░р▒Н р░кр▒Нр░░р░╛р░░р▒Нр░ер░и р░кр░╛р░Хр░┐р░╕р▒Нр░ер░╛р░ир▒Н р░Хр▒Б р░╡р▒Жр░│р▒Нр░▓р▒З р░░р▒Зр░Вр░Ьр▒Н р░▓р▒Зр░жр▒Б р░мр░╛р░╡ р░кр░░р▒Нр░ор▒Ар░╖р░ир▒Н р░Зр░╡р▒Нр░╡р░╛р░▓р░┐ https://t.co/OGvlBU8BFj,negative,negative
te,"RT @TWTPKOfficial: р░Зр░▓р░╛р░Вр░Яр▒Лр░бр▒Б р░╕р▒Ар░Ор░В р░Ер░пр░┐р░др▒З р░кр▒Нр░░р░др░┐ р░░р░╛р░╖р▒Нр░Яр▒Нр░░р░Вр░▓р▒Л р░Тр░Х р░Зр░▓р▒Нр░▓р▒Б р░Хр░Яр▒Нр░Яр▒Бр░Хр▒Бр░Вр░Яр░╛р░бр▒Зр░ор▒Л.. ЁЯШВЁЯШВЁЯШВ
р░Ур░Яр▒Нр░▓р▒Б р░╡р▒Зр░╕р░┐ р░Чр▒Жр░▓р░┐р░кр░┐р░Вр░Ър░Вр░бр░┐.. р░Зр░▓р░╛р░Чр▒З р░жр▒Лр░Ър▒Бр░Хр▒Бр░ир░┐ р░Хр░бр▒Бр░др▒В р░Йр░Вр░Яр░╛р░бр▒Б.тАж",negative,negative
te,"RT @RKB_Tweets: Functions р░▓р▒Л #JaiHind р░Ер░ир░┐ Show Deng*thavu. р░ир▒Ар░Хр▒Б р░Пр░ор░╛р░др▒Нр░░р░В р░Ер░пр░┐р░ир░╛ р░жр▒Зр░╢р░В р░кр░Яр▒Нр░▓р░╛ р░Чр▒Мр░░р░╡р░В р░Йр░Вр░жр░╛..

р░ор░и р░Ьр░╡р░╛р░ир▒Нр░▓р▒Б р░ор▒Гр░др░┐ р░Ър▒Жр░Вр░жр░┐р░ир░кр▒Бр░бр▒Б р░╕р░Вр░др░╛р░╡р░В р░др▒ЖтАж",negative,negative
te,"р░Ер░Вр░Яр▒З р░Ър░Вр░жр▒Нр░░р░мр░╛р░мр▒Б р░Ер░ор▒Жр░░р░┐р░Хр░╛ р░╡р▒Жр░│р▒Нр░│р░┐, р░Ер░кр▒Нр░кр░Яр░┐ р░мр▒Бр░╖р▒Н / р░Ур░мр░╛р░ор░╛ р░ир░┐ р░др░и р░Чр▒Бр░кр▒Нр░кр▒Жр░Яр▒Нр░▓р▒Л р░▓р▒Кр░Вр░Чр░жр▒Ар░╕р▒Бр░Хр▒Кр░ир░┐ р░И р░Хр▒Зр░╕р▒Б р░╡р▒Зр░пр░┐р░Вр░Ър░╛р░░р░ир▒Нр░ир░ор░╛р░Я ??? 1 min 23тАж https://t.co/QWVakArwqM",neutral,neutral
te,"RT @TheRockybhai: р░др░╛р░бр▒Зр░кр░▓р▒Нр░▓р░┐ р░▓р▒Л р░Ьр░░р░┐р░Чр░┐р░ир░жр░┐ р░Ьр░Чр░ир▒Н р░Ур░гр░┐р░▓ р░кр░Вр░Хр▒Нр░╖р░ир▒Н р░╣??ЁЯШБЁЯШБ

р░Ьр░Чр░ир▒Н р░╕р▒Ар░ор░Вр░др░В р░кр░Вр░Хр▒Нр░╖р░ир▒Н??ЁЯШБЁЯШБ https://t.co/j2NXJwEUYe",negative,negative
te,RT @JanaSenaParty: р░╡р▒Зр░Яр░Хр▒Бр░Хр▒Нр░Хр░▓р░ир▒Б р░Хр▒Бр░Вр░жр▒Зр░│р▒Нр░▓р▒Б р░др░░р░┐р░ор░┐р░Хр▒Кр░Яр▒Нр░Яр░┐р░и р░ир▒Зр░▓ р░ор░и р░░р░╛р░пр░▓р░╕р▒Ар░о р░ир▒Зр░▓. р░Ер░▓р░╛р░Вр░Яр░┐ р░░р░╛р░пр░▓р░╕р▒Ар░ор░ир▒Б р░лр▒Нр░пр░╛р░Хр▒Нр░╖р░ир▒Н р░░р░╛р░Ьр░Хр▒Ар░пр░╛р░▓ р░ир▒Бр░Вр░бр░┐ р░╡р░┐р░ор▒Бр░Хр▒Нр░др░┐ р░Ър▒Зр░жр▒Нр░жр░╛р░В - @PawтАж,neutral,positive
te,"RT @NtvteluguHD: р░╡р░╛р░│р▒Нр░│р░Хр░┐ р░Зр░жр▒З р░ир░╛ р░Ыр░╛р░▓р▒Жр░Вр░Ьр▒Н. р░ор▒Ар░░р▒Б р░ир░┐р░▓р░мр░бр░др░╛р░░р░╛, р░ир▒Зр░ир▒Б р░ир░┐р░▓р░мр░бр░др░╛р░ир░╛ р░Ър▒Вр░жр▒Нр░жр░╛р░В. - @PawanKalyan 

#NtvTelugu #PawanKalyan #Janasena https:/тАж",neutral,neutral
te,"RT @JanaSenaParty: р░╕р▒Ар░о р░кр▒Нр░░р░Ьр░▓р▒Нр░ир░┐ р░жр░╛р░░р░┐р░жр▒Нр░░р▒Нр░пр░Вр░▓р▒Лр░Хр░┐ р░ир▒Жр░Яр▒Нр░Яр░┐ р░Хр▒Кр░Вр░жр░░р▒Б р░ир░╛р░пр░Хр▒Бр░▓р▒Б р░Жр░░р▒Нр░ер░┐р░Хр░Вр░Чр░╛ р░Ор░жр▒Бр░Чр▒Бр░др▒Бр░ир▒Нр░ир░╛р░░р▒Б.
#JanaSenaPorataYatra https://t.co/QE6j1gmpLl",negative,negative
te,RT @gsrsayz: р░Ьр░░р▒Нр░ир░▓р░┐р░╕р▒Нр░Яр▒Бр░▓р░В р░Хр░жр░╛...р░Ор░кр▒Нр░кр▒Бр░бр▒Ир░ир░╛ р░кр░╡р░ир▒Н р░др░кр▒Нр░кр▒Бр░Чр░╛ р░ор░╛р░Яр▒Нр░▓р░╛р░бр░┐р░др▒З (р░╕р░┐р░жр▒Нр░зр░╛р░Вр░д р░кр░░р░Вр░Чр░╛) р░жр▒Кр░░р░Х р░мр▒Бр░Ър▒Нр░Ър▒Бр░Хр▒Бр░Вр░жр░╛р░ор░ир░┐ р░Ър▒Вр░╢р░╛р░ир▒Б. р░Чр░Яр▒Нр░Яр░┐р░Чр░╛ р░кр▒Нр░░р░пр░др▒Нр░ир░┐р░Вр░Ър░╛р░ир▒Б. р░жр▒Кр░░р░┐тАж,positive,positive
te,"RT @legend_celeb: р░кр░Яр▒Нр░Яр▒Бр░мр░бр▒Нр░бр░╛р░ир░ир▒Нр░и р░Цр░Вр░Чр░╛р░░р▒Б р░▓р▒Зр░жр▒Б...ЁЯШО
р░Пр░В р░Ър▒Зр░╕р▒Нр░др░╛р░░р▒Лр░ир░ир▒Нр░и р░нр░пр░В р░▓р▒Зр░жр▒Б...ЁЯШО

р░жр▒Зр░╢р░В р░Хр▒Лр░╕р░ор▒З р░кр▒Бр░Яр▒Нр░Яр░╛р░ор▒Б р░Ер░ир▒З р░Ж р░Чр░░р▒Нр░╡р░В р░Ър▒Вр░╕р▒Нр░др▒З р░Ър░╛р░▓р▒Б р░╢р░др▒Нр░░р▒Бр░╡р▒Бр░Хр▒Б р░╡р▒Жр░ир▒Нр░ир▒БтАж",positive,positive
te,@VSReddy_MP @ р░ир▒Вр░др░и р░Чр▒Гр░╣р░кр▒Нр░░р░╡р▒Зр░╢р░В р░Ър▒Зр░╕р░┐р░и р░Ьр░Чр░ир▒Нр░ор▒Лр░╣р░ир▒Н р░░р▒Жр░бр▒Нр░бр░┐ р░Ер░ир▒Нр░и р░Хр▒Б р░Хр▒Бр░Яр▒Бр░Вр░мр░╛р░ир░┐р░Хр░┐ р░Ер░Вр░д р░ор░Вр░Ър░┐ р░Ьр░░р░Чр░╛р░▓р░┐ р░Ер░ир░┐ р░Хр▒Лр░░р▒Бр░Хр▒Бр░Вр░Яр▒Бр░ир▒Нр░и @ р░Ьр░пр░╣р▒Л р░Ьр░Чр░ир▒Н р░Ер░ир▒Нр░и @,positive,positive
te,"RT @naralokesh: р░итАМр░░р▒Зр░Вр░жр▒Нр░░...р░итАМр░ор▒Нр░ор░┐р░Вр░Ър░┐ 
р░ор▒Лр░бр░┐..р░ор▒Лр░╕р░В р░Ър▒Зр░╕р▒З р░╡р░╛р░░р▒Б р░Ер░ир░┐ 
р░░р▒Ир░▓р▒Нр░╡р▒Зр░Ьр▒Лр░ир▒Н р░кр▒Нр░░тАМр░ХтАМр░ЯтАМр░итАМр░др▒Л р░отАМр░░р▒Лр░╕р░╛р░░р░┐ р░░р▒Бр░Ьр▒Бр░╡р▒Ир░Вр░жр░┐.
р░мр░┐р░бр▒Нр░бтАМ(р░╡р░┐р░╢р░╛р░Ц р░░р▒Ир░▓р▒Нр░╡р▒З)р░Хр▒Б р░ЬтАМр░ир▒Нр░отАМр░ир░┐тАж",negative,negative
te,RT @JanaSenaParty: р░╡р▒Зр░Яр░Хр▒Бр░Хр▒Нр░Хр░▓р░ир▒Б р░Хр▒Бр░Вр░жр▒Зр░│р▒Нр░▓р▒Б р░др░░р░┐р░ор░┐р░Хр▒Кр░Яр▒Нр░Яр░┐р░и р░ир▒Зр░▓ р░ор░и р░░р░╛р░пр░▓р░╕р▒Ар░о р░ир▒Зр░▓. р░Ер░▓р░╛р░Вр░Яр░┐ р░░р░╛р░пр░▓р░╕р▒Ар░ор░ир▒Б р░лр▒Нр░пр░╛р░Хр▒Нр░╖р░ир▒Н р░░р░╛р░Ьр░Хр▒Ар░пр░╛р░▓ р░ир▒Бр░Вр░бр░┐ р░╡р░┐р░ор▒Бр░Хр▒Нр░др░┐ р░Ър▒Зр░жр▒Нр░жр░╛р░В - @PawтАж,positive,positive
te,"RT @paithyam: р░кр▒Нр░░р░╛р░гр░╛р░▓р░Хр▒Б р░др▒Жр░Чр░┐р░Вр░Ър░┐р░и р░╕р▒Ир░ир░┐р░Хр▒Бр░бр▒Б р░Тр░Х р░╡р▒Ир░кр▒Б  - р░кр░╛р░░р▒Нр░Яр▒А р░▓р▒Б р░Ер░ор▒Нр░ор▒Бр░Хр▒Бр░Вр░Яр▒Бр░ир▒Нр░и р░╕р░ир▒Нр░ир░╛р░╕р▒Бр░▓р▒Б р░ор░░р▒Л р░╡р▒Ир░кр▒Б  

ЁЯШВ
#DesaDrohiPawanKalyan https://t.co/vaBтАж",positive,positive
te,"YSRCP р░Йр░жр▒Нр░пр░ор░╛р░▓ р░лр░▓р░┐р░др░ор▒З ""р░░р▒Ир░▓р▒Нр░╡р▒З р░Ьр▒Лр░ир▒Н"" https://t.co/RQM4zsME3X",positive,positive
te,RT @JanasenaMahila: р░кр▒Нр░░р░Ьр░▓ р░нр░╛р░╡р░╛р░╡р▒Зр░╢р░╛р░▓р░др▒Л р░Жр░бр▒Бр░Хр▒Бр░ир▒З р░ир░╛р░пр░Хр▒Бр░▓р▒Б р░╡р░╛р░░р░┐ р░ор░ир░╕р▒Бр░▓р▒Б р░Чр░╛р░пр░кр░бр▒Бр░др▒Бр░ир▒Нр░ир░╛ ... р░╡р░╛р░░р░┐ р░▓р▒Жр░Хр▒Нр░Хр░▓р▒Б р░╡р░╛р░░р░┐р░╡р▒З ...р░кр▒Нр░░р░Ьр░▓р░ир▒Б р░ир░┐р░▓р▒Бр░╡р▒Бр░ир░╛ р░ор░╛р░пр░Ър▒Зр░╕р░┐ р░ор▒Бр░Вр░Ър▒Жр░пр▒Нр░птАж,negative,negative
te,"RT @BeSriSri: р░╡р░┐р░╢р░╛р░Ц р░░р▒Ир░▓р▒Нр░╡р▒З р░Ьр▒Лр░ир▒Н р░Хр▒Лр░╕р░В р░Ьр░ир░╕р▒Зр░и р░др░░р▒Бр░кр▒Бр░и р░пр▒Бр░╡р░д р░░р▒Лр░бр▒Нр░▓р▒Бр░Хр▒Нр░Хр░┐ р░Ър▒Зр░╕р░┐р░и р░зр░░р▒Нр░ир░╛...

р░Ор░╡р░░р░Хр░┐ р░╡р░╛р░░р▒Б р░Ьр▒Лр░ир▒Н р░Хр▒Лр░╕р░В р░др░о р░╡р░Вр░др▒Б р░Хр▒Гр░╖р░┐ р░Ър▒Зр░╢р░╛р░░р▒Б.. р░Ър░┐р░╡р░░р░Хр░┐ р░╕р░ор░┐р░╖р▒Нр░Яр░┐тАж",positive,positive
te,"RT @RithikaLankapot: р░Ьр░Чр░ир▒Н р░Ор░Хр▒Нр░Хр░бр▒Бр░ир▒Нр░ир░╛ р░░р░╛р░Ьр░кр▒Нр░░р░╕р░╛р░жр░В р░▓р▒Лр░ир▒З р░ир░┐р░╡р░╛р░╕р░В--@ncbn 
р░ор░░р░┐ р░ир▒Бр░╡р▒Нр░╡р▒Б р░ир░┐ р░лр▒Нр░пр░╛р░ор░┐р░▓р░┐  р░кр░╛р░░р▒Нр░Хр▒Н  р░╣р░пр░др▒Н  р░Ер░ир▒З р░кр▒Вр░░р░┐ р░Чр▒Бр░бр░┐р░╕р▒Жр░▓р▒Лр░ир▒З р░ир░┐р░╡р░╛р░╕р░В р░Йр░Вр░Яр▒Бр░ир▒НтАж",negative,neutral
te,"RT @JanaSenaParty: р░Ьр░Чр░ир▒Н 30 р░╕р░Вр░╡р░др▒Нр░╕р░░р░╛р░▓р▒Б р░ир▒Зр░ир▒З р░╕р▒А.р░Ор░В р░Ер░Вр░Яр░╛р░бр▒Б, р░Ър░Вр░жр▒Нр░░р░мр░╛р░мр▒Б 30 р░╕р░Вр░╡р░др▒Нр░╕р░░р░╛р░▓р▒Б р░ир░╛ р░Хр▒Кр░бр▒Бр░Хр▒Б р░Йр░Вр░бр░╛р░▓р░┐ р░Ер░Вр░Яр░╛р░бр▒Б, р░ир▒Зр░ир▒Б р░ор░╛р░др▒Нр░░р░В 30 р░╕р░Вр░╡р░др▒Нр░╕р░░р░╛р░▓р▒Б р░ор▒Ар░░р▒Б р░мр░╛тАж",neutral,neutral
te,"RT @VSReddy_MP: р░Ор░ир▒Нр░ир░┐р░Хр░▓ р░Хр▒Нр░░р░др▒Бр░╡р▒Б р░ор▒Бр░Чр░┐р░╕р▒З р░▓р▒Лр░Чр░╛ р░Ър░Вр░жр▒Нр░░р░мр░╛р░мр▒Б р░Ор░Яр▒Бр░╡р░Вр░Яр░┐ р░жр▒Бр░░р▒Нр░ор░╛р░░р▒Нр░Чр░╛р░ир░┐р░Хр▒Ир░ир░╛ р░Тр░бр░┐р░Чр░бр░др░╛р░бр▒Б. р░Ур░Яр░░р▒Нр░▓ р░Ьр░╛р░мр░┐р░др░╛ р░др░╛р░░р▒Бр░ор░╛р░░р▒Б, р░╡р▒Ир░Ор░╕р▒Нр░╕р░╛р░░р▒Н р░Хр░╛р░Вр░Чр▒Нр░░р▒Жр░╕р▒Н р░ир░╛р░пр░Хр▒БтАж",negative,positive
te,"RT @PrasnistaaNinnu: р░кр░╡р░ир▒Н р░Хр░│р▒Нр░пр░╛р░гр▒Н р░ир░┐ PM р░Ър▒Зр░╕р▒Нр░др▒З, р░кр░╛р░Хр░┐р░╕р▒Нр░др░╛р░ир▒Н р░▓р▒Лр░ир░┐ р░ор░╣р░┐р░│р░▓р░кр▒И р░╕р░░р▒Нр░Ьр░┐р░Хр░▓р▒Н р░╕р▒Нр░Яр▒Нр░░р▒Ир░Хр▒Н р░Ър▒Зр░╕р▒Зр░╡р░╛р░бр▒Б.",negative,neutral
te,"RT @YouthJsp: р░Ьр░ир░╕р▒Зр░и р░кр░╛р░░р▒Нр░Яр▒А р░Чр▒Бр░░р▒Нр░др▒Б р░пр▒Кр░Хр▒Нр░Х р░╡р░┐р░▓р▒Бр░╡ р░Ер░╢р▒Лр░Х р░Ър░Хр▒Нр░░р░В..ЁЯЩПЁЯЩПЁЯФе

@JanaSenaParty @PawanKalyan https://t.co/zzbY9PKZrP",neutral,neutral
te,"р░░р▒Ир░▓р▒Нр░╡р▒З р░Ьр▒Лр░ир▒Н р░Хр▒Б р░Чр▒Нр░░р▒Ар░ир▒Н р░╕р░┐р░Чр▒Нр░ир░▓р▒Н

р░╡р░┐р░╢р░╛р░Ц р░Хр▒Зр░Вр░жр▒Нр░░р░Вр░Чр░╛ р░жр░Хр▒Нр░╖р░┐р░г р░Хр▒Лр░╕р▒Нр░др░╛ р░░р▒Ир░▓р▒Нр░╡р▒З р░Ьр▒Лр░ир▒Н р░Пр░░р▒Нр░кр░╛р░Яр▒Бр░Хр▒Б р░Хр▒Зр░Вр░жр▒Нр░░р░В р░Жр░ор▒Лр░жр░В

р░жр▒Зр░╢р░Вр░▓р▒Л р░Зр░жр░┐ 18р░╡ р░░р▒ИтАж https://t.co/XQoGfCgYzM",neutral,neutral
te,"Best points in #JanaSenaManifesto

1. р░Хр▒Зр░Ьр▒А р░ир▒Бр░Вр░Ър░┐ р░кр▒Ар░Ьр▒А р░╡р░░р░Хр▒Б р░Йр░Ър░┐р░д р░╡р░┐р░жр▒Нр░п
2. р░Йр░Ър░┐р░д р░╡р▒Ир░жр▒Нр░пр░В
3. р░╡р░┐р░жр▒Нр░пр░╛р░░р▒Нр░ер▒Бр░▓р░Хр░┐ р░Йр░Ър░┐р░д р░мр░╕р▒Н р░кр░╛р░╕р▒БтАж https://t.co/4IOqHvFmfK",positive,positive
te,"RT @naralokesh: р░итАМр░░р▒Зр░Вр░жр▒Нр░░...р░итАМр░ор▒Нр░ор░┐р░Вр░Ър░┐ 
р░ор▒Лр░бр░┐..р░ор▒Лр░╕р░В р░Ър▒Зр░╕р▒З р░╡р░╛р░░р▒Б р░Ер░ир░┐ 
р░░р▒Ир░▓р▒Нр░╡р▒Зр░Ьр▒Лр░ир▒Н р░кр▒Нр░░тАМр░ХтАМр░ЯтАМр░итАМр░др▒Л р░отАМр░░р▒Лр░╕р░╛р░░р░┐ р░░р▒Бр░Ьр▒Бр░╡р▒Ир░Вр░жр░┐.
р░мр░┐р░бр▒Нр░бтАМ(р░╡р░┐р░╢р░╛р░Ц р░░р▒Ир░▓р▒Нр░╡р▒З)р░Хр▒Б р░ЬтАМр░ир▒Нр░отАМр░ир░┐тАж",negative,negative
te,"RT @winsttonxavier: р░Пр░ор▒Ир░ир░╛ р░Ер░ир▒Бр░Хр▒Лр░Вр░бр░┐ р░╕р▒Лр░жр░░р▒Бр░▓р▒Нр░▓р░╛р░░р░╛ 
р░И р░╕р░╛р░░р░┐ р░╕р▒Ар░о р░▓р▒Л р░ор▒А р░кр▒Мр░░р▒Бр░╖р░В р░Ър▒Вр░кр░┐ р░ор░╛р░░р▒Нр░кр▒Б р░Ър▒Вр░кр░┐р░Вр░Ър░Хр░кр▒Лр░др▒З р░ир░╛ р░жр▒Гр░╖р▒Нр░Яр░┐р░▓р▒Л р░ир░░р░╕р░┐р░Вр░╣р░ир░╛р░пр▒Бр░бр▒Б, р░Зр░Вр░жр▒Нр░░р░╕р▒Зр░ир░╛р░░р▒Жр░бр▒Нр░бр░┐тАж",negative,negative
te,RT @VSReddy_MP: р░╡р▒Ир░Ор░╕р▒Нр░╕р░╛р░░р▒НтАМ р░Хр░╛р░Вр░Чр▒Нр░░р▒Жр░╕р▒НтАМ р░кр░╛р░░р▒Нр░Яр▒А р░Ер░зр▒Нр░пр░Хр▒Нр░╖р▒Бр░▓р▒Б р░╢р▒Нр░░р▒А р░╡р▒Ир░Ор░╕р▒НтАМ р░Ьр░Чр░ир▒НтАМ р░ор▒Лр░╣р░ир▒НтАМ р░░р▒Жр░бр▒Нр░бр░┐ р░Ир░░р▒Лр░Ьр▒Б р░Йр░жр░пр░В р░Чр▒Бр░Вр░Яр▒Вр░░р▒Б р░Ьр░┐р░▓р▒Нр░▓р░╛ р░др░╛р░бр▒Зр░кр░▓р▒Нр░▓р░┐р░▓р▒Л р░ир░┐р░░р▒Нр░ор░┐р░Вр░Ър░┐р░и р░Хр▒КтАж,neutral,neutral
te,RT @GaddamBablu: р░Хр░бр░к р░Хр▒Б р░░р░╛р░ир▒Бр░ир▒Нр░и @PawanKalyan р░Чр▒Бр░бр▒Нр░▓р▒Б р░Ър▒Жр░кр▒Нр░кр▒Бр░▓ р░др▒Л р░░р▒Жр░бр▒А р░Чр░╛ р░Йр░ир▒Нр░и р░Хр░бр░к р░╡р░╛р░╕р▒Бр░▓р▒Б.ЁЯШБ,negative,neutral
te,RT @darling_kamalk: р░др░и р░Ер░нр░┐р░ор░╛р░и р░ир░╛р░пр░Хр▒Бр░бр▒Б р░Ер░пр░┐р░ир░╛ @PawanKalyan р░Чр░╛р░░р░┐р░ир░┐ р░жр░Чр▒Нр░Чр░░ р░ир▒Бр░Вр░бр░┐ р░Ър▒Вр░╕р░┐р░и р░др░░р▒Бр░гр░Вр░▓р▒Л р░Ж р░ор░╣р░┐р░│ р░Хр░Вр░Я р░ир▒Бр░Вр░Ър░┐ р░Жр░ир░Вр░жр░нр░╛р░╖р▒Нр░кр░╛р░▓р▒БЁЯЩПЁЯП╗ р░Зр░▓р░╛р░Вр░Яр░┐ р░кр▒Нр░░р▒Зр░о р░Тр░Хр▒Нр░ХтАж,positive,positive
te,RT @trspartyonline: р░ор░╛р░░р▒Нр░Ър░┐ 1р░ир▒Бр░Вр░бр░┐ р░Ьр░░р░Чр░╛р░▓р▒Нр░╕р░┐р░и р░Яр▒Ар░Жр░░р▒Нр░Ор░╕р▒Н р░кр░╛р░░р▒Нр░Яр▒А р░кр░╛р░░р▒Нр░▓р░ор▒Жр░Вр░Яр░░р▒А р░ир░┐р░пр▒Лр░Ьр░Хр░╡р░░р▒Нр░Ч р░╕р▒Нр░ер░╛р░пр░┐ р░╕р░ор░╛р░╡р▒Зр░╢р░╛р░▓р░ир▒Б р░╡р░╛р░пр░┐р░жр░╛ р░╡р▒Зр░╕р▒Нр░др▒Бр░ир▒Нр░ир░Яр▒Нр░Яр▒Б р░Яр▒Ар░Жр░░р▒Нр░Ор░╕р▒Н р░╡р░░р▒Нр░Хр░┐р░Вр░Чр▒НтАж,neutral,neutral
te,"RT @BeSriSri: Best points in #JanaSenaManifesto

1. р░Хр▒Зр░Ьр▒А р░ир▒Бр░Вр░Ър░┐ р░кр▒Ар░Ьр▒А р░╡р░░р░Хр▒Б р░Йр░Ър░┐р░д р░╡р░┐р░жр▒Нр░п
2. р░Йр░Ър░┐р░д р░╡р▒Ир░жр▒Нр░пр░В
3. р░╡р░┐р░жр▒Нр░пр░╛р░░р▒Нр░ер▒Бр░▓р░Хр░┐ р░Йр░Ър░┐р░д р░мр░╕р▒Н р░кр░╛р░╕р▒Бр░▓р▒Б
4. 10 р░▓тАж",positive,positive
te,"RT @UttarandhraNow: р░░р▒Ир░▓р▒Нр░╡р▒З р░Ьр▒Лр░ир▒Н р░╡р░Ър▒Нр░Ър░┐р░Вр░жр░┐ р░Ър░Вр░жр▒Нр░░р░мр░╛р░мр▒Б р░жр░пр░╡р░▓р░и
- @RamMNK 

р░жр░┐р░Хр▒Нр░Хр▒Бр░ор░╛р░▓р░┐р░и р░░р▒Ир░▓р▒Нр░╡р▒З р░Ьр▒Лр░ир▒Н р░Зр░╕р▒Нр░др▒З р░Ер░Вр░др▒З, р░Зр░╡р▒Нр░╡р░Хр░кр▒Лр░др▒З р░Ор░Вр░д
- @naralokesh https:тАж",negative,negative
te,RT @TheRockybhai: р░ор▒З 10 р░╢р▒Бр░Хр▒Нр░░р░╡р░╛р░░р░В р░░р░╛ р░Ьр░лр▒Нр░кр░╛р░▓р▒БЁЯШАЁЯШБЁЯШБ https://t.co/HFt9MOhyS6,neutral,neutral
te,"RT @naralokesh: р░╡р░╛р░▓р▒Нр░др▒Зр░░р▒Н р░бр░┐р░╡р░┐р░ЬтАМр░ир▒НтАМр░▓р▒Л р░Тр░Хр▒Нр░Х р░╕тАМр░░тАМр░Хр▒Б р░░тАМр░╡р░╛р░гр░╛ р░жр▒Нр░╡р░╛р░░р░╛ р░Пр░бр░╛р░жр░┐р░Хр░┐ р░░р▒В.6500 р░Хр▒Лр░Яр▒Нр░▓р▒Б р░Жр░жр░╛р░пр░В р░др▒Жр░Ър▒Нр░Ър▒З р░дтАМр░▓тАМр░ир▒Б р░др▒Ар░╕р▒Зр░╕р░┐, р░Пр░бр░╛р░жр░┐р░Хр░┐ р░░р▒В.500 р░Хр▒Лр░Яр▒Нр░▓р▒Б р░░р░╛тАж",negative,negative
te,RT @sanvithsri: р░Ор░Хр▒Нр░Хр░б р░Ър▒Вр░╕р░┐р░ир░╛ р░▓р░Вр░Ър░В .р░▓р░Вр░Ър░В...р░Хр▒Жр░╕р░┐р░Жр░░р▒Н р░╕р░╛р░░р▒Н ..р░ор▒Ар░░р▒Б р░Ър▒Жр░кр▒Нр░кр░┐р░и р░Хр▒Вр░бр░╛ ..р░Хр▒Нр░░р░┐р░Вр░жр░┐ р░╕р▒Нр░ер░╛р░пр░┐ р░▓р▒Л р░Ер░зр░┐р░Хр░╛р░░р▒Бр░▓р▒Б р░▓р░Вр░Ър░╛р░▓р▒Б р░др▒Ар░╕р▒Бр░Хр▒Лр░╡р░бр░В р░ор░╛р░ир░бр░В р░▓р▒Зр░жр▒Б .р░жр▒Ар░ир░┐тАж,negative,negative
te,RT @TheRockybhai: @ycheap_ers She m р░Ър▒Зр░пр░Вр░бр░┐ р░Ер░Вр░Яр▒З р░Ор░Вр░Яр▒Л р░Ер░ир▒Бр░Хр░ир▒Нр░ир░╛р░ир▒Б р░Зр░жр░╛ЁЯШАЁЯШБЁЯШБ,neutral,neutral
te,"RT @ycheap_ers: р░кр▒Жр░жр▒Нр░жр░ор░ир░┐р░╖р░┐ р░Ер░пр░┐р░и р░Ьр░▓р░Ч
р░Зр░Х р░бр▒Ир░кр░░р▒Нр░▓р▒Б р░╡р░╛р░бр░Х р░др░кр▒Нр░кр░жр▒Б ЁЯШВЁЯШВЁЯШВ https://t.co/WCTBwkurlC",negative,negative
te,р░Ер░Вр░жр░░р░┐р░Хр▒А р░╣р▒Гр░жр░пр░кр▒Вр░░р▒Нр░╡р░Х  р░Жр░╣р▒Нр░╡р░╛р░ир░В  : 28-02-2019 : 9:45 AM. р░ир▒Жр░▓р▒Нр░▓р▒Вр░░р▒Б р░╕р░┐р░Яр░┐ ; р░Жр░Вр░зр▒Нр░░ р░кр▒Нр░░р░жр▒Зр░╢р▒Н ; р░Зр░Вр░бр░┐р░пр░╛. https://t.co/RtEHu3swYG,neutral,neutral
te,"RT @BeSriSri: р░Яр░┐.р░Жр░░р▒Н.р░кр▒А р░Хр░Вр░Яр▒З р░жр▒Зр░╢р░кр▒Нр░░р░пр▒Лр░Ьр░ир░╛р░▓р▒З р░ор▒Бр░Цр▒Нр░пр░В

- TV 5 News 

р░░р▒Ир░др▒Б р░Ър░ир░┐р░кр▒Лр░др▒З р░бр░┐р░мр▒Зр░Яр▒Н р░кр▒Жр░Яр▒Нр░Яр▒З р░жр░ор▒Нр░ор▒Бр░▓р▒Зр░жр▒Б р░Чр░╛р░ир░┐ р░Хр▒Мр░╢р░▓р▒Н р░Чр▒Бр░░р░┐р░Вр░Ър░┐, р░Хр░др▒Нр░др░┐, р░╕р▒Бр░др▒Нр░др░┐ р░▓р░╛тАж",positive,positive
te,р░Ор░Хр▒Нр░Хр░б р░Ър▒Вр░╕р░┐р░ир░╛ р░▓р░Вр░Ър░В .р░▓р░Вр░Ър░В...р░Хр▒Жр░╕р░┐р░Жр░░р▒Н р░╕р░╛р░░р▒Н ..р░ор▒Ар░░р▒Б р░Ър▒Жр░кр▒Нр░кр░┐р░и р░Хр▒Вр░бр░╛ ..р░Хр▒Нр░░р░┐р░Вр░жр░┐ р░╕р▒Нр░ер░╛р░пр░┐ р░▓р▒Л р░Ер░зр░┐р░Хр░╛р░░р▒Бр░▓р▒Б р░▓р░Вр░Ър░╛р░▓р▒Б р░др▒Ар░╕р▒Бр░Хр▒Лр░╡р░бр░В р░ор░╛р░ир░бр░В р░▓р▒ЗтАж https://t.co/WkOrA7XduK,negative,negative
te,"RT @naralokesh: р░итАМр░░р▒Зр░Вр░жр▒Нр░░...р░итАМр░ор▒Нр░ор░┐р░Вр░Ър░┐ 
р░ор▒Лр░бр░┐..р░ор▒Лр░╕р░В р░Ър▒Зр░╕р▒З р░╡р░╛р░░р▒Б р░Ер░ир░┐ 
р░░р▒Ир░▓р▒Нр░╡р▒Зр░Ьр▒Лр░ир▒Н р░кр▒Нр░░тАМр░ХтАМр░ЯтАМр░итАМр░др▒Л р░отАМр░░р▒Лр░╕р░╛р░░р░┐ р░░р▒Бр░Ьр▒Бр░╡р▒Ир░Вр░жр░┐.
р░мр░┐р░бр▒Нр░бтАМ(р░╡р░┐р░╢р░╛р░Ц р░░р▒Ир░▓р▒Нр░╡р▒З)р░Хр▒Б р░ЬтАМр░ир▒Нр░отАМр░ир░┐тАж",negative,negative
te,"RT @purijagan: р░бр░Ър▒Н ,р░лр▒Нр░░р▒Жр░Вр░Ыр▒Н , р░мр▒Нр░░р░┐р░Яр░┐р░╖р▒Н .. р░Ор░кр▒Нр░кр▒Бр░бр▒В р░Ор░╡р░бр▒Жр░╡р░бр▒Л р░Жр░Хр▒Нр░░р░ор░┐р░Вр░Ър▒Бр░Хр▒Лр░╡р░бр░ор▒Зр░ир░╛ ? р░Ж р░кр░ир░┐ р░ор░ир░ор▒Жр░Вр░жр▒Бр░Хр▒Б р░Ър▒Зр░пр░бр░В р░▓р▒Зр░жр▒Б ? р░Ор░кр▒Нр░кр▒Бр░бр▒Б р░И р░Зр░Вр░бр░┐р░пр░ир▒Нр░╕р▒Н р░ор▒Ар░ж р░кр░бр░┐р░кр▒Лр░др░╛тАж",negative,negative
te,р░Хр▒Лр░Яр▒Нр░▓ р░ор░Вр░жр░┐ р░Хр▒Лр░░р░┐р░Х р░др▒Ар░░р▒Нр░Ър░бр░В р░Хр▒Лр░╕р░В р░╡р▒Жр░│р▒Нр░│р░┐ р░кр░╛р░Хр▒Н р░Ър▒Зр░др░┐р░▓р▒Л р░мр░Вр░жр▒А р░Ер░пр░┐р░и р░И р░╣р▒Ар░░р▒Лр░Хр░┐ р░Ор░▓р░╛р░Вр░Яр░┐ р░кр▒Нр░░р░ор░╛р░жр░В р░Ьр░░р░Чр░Хр▒Бр░Вр░бр░╛ р░др░┐р░░р░┐р░Чр░┐ р░нр░╛р░░р░др▒Н р░Хр▒Б р░Ър▒Зр░░р▒Бр░Хр▒ЛтАж https://t.co/9Vx8OjKo9y,neutral,neutral
te,"RT @2019YSRCP: р░пр▒Бр░жр▒Нр░з р░ор▒Зр░Шр░╛р░▓р▒Б

р░нр░╛р░░р░д р░╕р▒Ир░ир░┐р░Х р░╕р▒Нр░ер░╛р░╡р░░р░╛р░▓р▒З р░▓р░Хр▒Нр░╖р▒Нр░пр░Вр░Чр░╛ р░╡р▒Ир░ор░╛р░ир░┐р░Х р░жр░╛р░бр▒Бр░▓р░Хр▒Б р░др▒Жр░Чр░мр░бр░┐р░и р░кр░╛р░Хр░┐р░╕р▒Нр░ер░╛р░ир▒Н https://t.co/31xR0kwRNv",neutral,neutral
te,р░Ер░Вр░жр░░р░┐р░Хр▒А р░╣р▒Гр░жр░пр░кр▒Вр░░р▒Нр░╡р░Х  р░Жр░╣р▒Нр░╡р░╛р░ир░В  : 28-02-2019 : 9:45 AM. р░ир▒Жр░▓р▒Нр░▓р▒Вр░░р▒Б р░╕р░┐р░Яр░┐ ; р░Жр░Вр░зр▒Нр░░ р░кр▒Нр░░р░жр▒Зр░╢р▒Н ; р░Зр░Вр░бр░┐р░пр░╛. https://t.co/LO2ixBqJqH,neutral,neutral
te,"RT @naralokesh: р░░р▒Ир░▓р▒Нр░╡р▒Зр░Ьр▒Лр░ир▒Н р░Пр░░р▒Нр░кр░╛р░Яр▒Бр░▓р▒Лр░ир▒В р░░р░╛р░╖р▒Нр░Яр▒Нр░░ р░╡р░┐р░нтАМр░ЬтАМр░ир░▓р░╛р░Вр░Яр░┐ р░Ер░ир▒Нр░пр░╛р░птАМр░ор▒З. 
р░Ер░кр▒Нр░кр▒Бр░бр▒Б р░Жр░жр░╛р░пр░В р░Йр░ир▒Нр░итАМ р░╣р▒Ир░жтАМр░░р░╛р░мр░╛р░жр▒Н р░др▒Жр░▓р░Вр░Чр░╛р░гтАМр░Хр░┐ р░Зр░Ър▒Нр░Ър▒Зр░╢р░╛р░░р▒Б, 
р░Зр░кр▒Нр░кр▒Бр░бр▒Б 6500тАж",negative,negative
te,"RT @JanaSenaParty: р░кр▒Нр░░р░др░┐ р░Ер░Вр░зр▒Нр░░р░кр▒Нр░░р░жр▒Зр░╢р▒Н р░кр▒Мр░░р▒Бр░бр░┐р░Хр░┐ р░╕р░Вр░╡р░др▒Нр░╕р░░р░╛р░ир░┐р░Хр░┐ 10 р░▓р░Хр▒Нр░╖р░▓ р░нр▒Ар░ор░╛, 5 р░╕р░Вр░╡р░др▒Нр░╕р░░р░╛р░▓р░Хр░┐ 50 р░▓р░Хр▒Нр░╖р░▓ р░нр▒Ар░ор░╛. р░Ьр░ир░╕р▒Ир░ир░┐р░Хр▒Бр░▓р░др▒Лр░ир▒З р░ор▒Кр░жр░▓р▒Б р░кр▒Жр░бр▒Бр░др▒Бр░ир▒Нр░ир░╛ - @PтАж",positive,positive
te,"RT @ImamKalyan: р░░р▒Жр░бр▒Нр░бр░┐ р░Ер░Вр░Яр▒З р░нр░░р░др▒Н р░░р▒Жр░бр▒Нр░бр░┐ 
р░Ер░Вр░жр░░р░┐ р░мр░╛р░Чр▒Бр░Хр▒Лр░░р▒З р░░р▒Жр░бр▒Нр░бр░┐ р░Чр▒Бр░Вр░бр▒Ж р░зр▒Ир░░р▒Нр░пр░В р░Йр░ир▒Нр░и р░░р▒Жр░бр▒Нр░бр░┐ 
р░Хр░▓р▒Бр░╖р░┐р░др░╛р░ир▒Нр░ир░┐ р░кр▒Лр░Чр▒Кр░Яр▒Нр░Яр▒З р░╡р░╛р░бр▒Б р░░р▒Жр░бр▒Нр░бр░┐ 
р░кр▒Нр░░р░Ьр░▓ р░ор░Вр░Ър░┐ р░Хр▒Лр░░р▒ЗтАж",positive,positive
te,"RT @gsrsayz: р░Жр░Вр░зр▒Нр░░р░╛р░▓р▒Л р░ир░┐р░╢р▒Нр░╢р░мр▒Нр░ж р░╡р░┐р░кр▒Нр░▓р░╡р░В: р░кр░╡р░ир▒Н р░Хр░│р▒Нр░пр░╛р░гр▒Н

тЪбр░кр░▓р▒Нр░▓р░Хр▒Ар░▓р▒Б р░ор▒Лр░╕р░┐р░Вр░жр░┐ р░Ър░╛р░▓р▒Б р░Ър░╛р░▓р▒Б р░Ър░╛р░▓р▒Б!!

тЪбр░░р▒Мр░бр▒Ар░▓ р░ир▒Бр░Вр░Ър░┐ р░кр▒Нр░░р░Ьр░▓р░Хр▒Б р░╕р▒Нр░╡р▒Зр░Ър▒Нр░Ы

тЪбр░Хр▒Кр░Яр▒Нр░▓р░╛р░Яр░Хр▒Б р░╕р░┐р░жр▒Нр░зр░ВтАжтАж",negative,negative
te,"RT @VidadalaRajini: р░Ер░╡р░┐р░ир▒Ар░др░┐ р░ор░Вр░др▒Нр░░р░┐ Mr Pulla rao р░ир░┐ 
MrS р░кр▒Бр░▓р▒Нр░▓р░╛р░░р░╛р░╡р▒Б р░ир░┐ .. р░Зр░Вр░Яр░┐р░Хр░┐ р░кр░Вр░кр░┐р░жр▒Нр░жр░╛р░В .. 

р░кр▒Нр░░р░др░┐ р░Тр░Хр▒Нр░Хр░░р░┐ р░мр▒Нр░░р░др▒Бр░Хр▒Бр░▓р▒Л р░Ер░нр░┐р░╡р▒Гр░жр▒Нр░зр░┐ р░Ьр▒Нр░пр▒Лр░др░┐ р░╡р▒Жр░▓р░┐тАж",positive,positive
te,"RT @winsttonxavier: р░Пр░ор▒Ир░ир░╛ р░Ер░ир▒Бр░Хр▒Лр░Вр░бр░┐ р░╕р▒Лр░жр░░р▒Бр░▓р▒Нр░▓р░╛р░░р░╛ 
р░И р░╕р░╛р░░р░┐ р░╕р▒Ар░о р░▓р▒Л р░ор▒А р░кр▒Мр░░р▒Бр░╖р░В р░Ър▒Вр░кр░┐ р░ор░╛р░░р▒Нр░кр▒Б р░Ър▒Вр░кр░┐р░Вр░Ър░Хр░кр▒Лр░др▒З р░ир░╛ р░жр▒Гр░╖р▒Нр░Яр░┐р░▓р▒Л р░ир░░р░╕р░┐р░Вр░╣р░ир░╛р░пр▒Бр░бр▒Б, р░Зр░Вр░жр▒Нр░░р░╕р▒Зр░ир░╛р░░р▒Жр░бр▒Нр░бр░┐тАж",negative,negative
te,"RT @BeSriSri: Best points in #JanaSenaManifesto

1. р░Хр▒Зр░Ьр▒А р░ир▒Бр░Вр░Ър░┐ р░кр▒Ар░Ьр▒А р░╡р░░р░Хр▒Б р░Йр░Ър░┐р░д р░╡р░┐р░жр▒Нр░п
2. р░Йр░Ър░┐р░д р░╡р▒Ир░жр▒Нр░пр░В
3. р░╡р░┐р░жр▒Нр░пр░╛р░░р▒Нр░ер▒Бр░▓р░Хр░┐ р░Йр░Ър░┐р░д р░мр░╕р▒Н р░кр░╛р░╕р▒Бр░▓р▒Б
4. 10 р░▓тАж",positive,positive
te,р░Ер░Вр░жр░░р░┐р░Хр▒А р░╣р▒Гр░жр░пр░кр▒Вр░░р▒Нр░╡р░Х  р░Жр░╣р▒Нр░╡р░╛р░ир░В  : 28-02-2019 : 9:45 AM. р░ир▒Жр░▓р▒Нр░▓р▒Вр░░р▒Б р░╕р░┐р░Яр░┐ ; р░Жр░Вр░зр▒Нр░░ р░кр▒Нр░░р░жр▒Зр░╢р▒Н ; р░Зр░Вр░бр░┐р░пр░╛. https://t.co/d6EU4sojtD,neutral,neutral
te,"RT @BeSriSri: Best points in #JanaSenaManifesto

1. р░Хр▒Зр░Ьр▒А р░ир▒Бр░Вр░Ър░┐ р░кр▒Ар░Ьр▒А р░╡р░░р░Хр▒Б р░Йр░Ър░┐р░д р░╡р░┐р░жр▒Нр░п
2. р░Йр░Ър░┐р░д р░╡р▒Ир░жр▒Нр░пр░В
3. р░╡р░┐р░жр▒Нр░пр░╛р░░р▒Нр░ер▒Бр░▓р░Хр░┐ р░Йр░Ър░┐р░д р░мр░╕р▒Н р░кр░╛р░╕р▒Бр░▓р▒Б
4. 10 р░▓тАж",positive,positive
te,"р░пр▒Бр░жр▒Нр░з р░ор▒Зр░Шр░╛р░▓р▒Б

р░нр░╛р░░р░д р░╕р▒Ир░ир░┐р░Х р░╕р▒Нр░ер░╛р░╡р░░р░╛р░▓р▒З р░▓р░Хр▒Нр░╖р▒Нр░пр░Вр░Чр░╛ р░╡р▒Ир░ор░╛р░ир░┐р░Х р░жр░╛р░бр▒Бр░▓р░Хр▒Б р░др▒Жр░Чр░мр░бр░┐р░и р░кр░╛р░Хр░┐р░╕р▒Нр░ер░╛р░ир▒Н https://t.co/31xR0kwRNv",neutral,neutral
te,р░Ер░Вр░жр░░р░┐р░Хр▒А р░╣р▒Гр░жр░пр░кр▒Вр░░р▒Нр░╡р░Х  р░Жр░╣р▒Нр░╡р░╛р░ир░В  : 28-02-2019 : 9:45 AM. р░ир▒Жр░▓р▒Нр░▓р▒Вр░░р▒Б р░╕р░┐р░Яр░┐ ; р░Жр░Вр░зр▒Нр░░ р░кр▒Нр░░р░жр▒Зр░╢р▒Н ; р░Зр░Вр░бр░┐р░пр░╛. https://t.co/6cBFASW59z,neutral,neutral
te,"RT @legend_celeb: р░кр░Яр▒Нр░Яр▒Бр░мр░бр▒Нр░бр░╛р░ир░ир▒Нр░и р░Цр░Вр░Чр░╛р░░р▒Б р░▓р▒Зр░жр▒Б...ЁЯШО
р░Пр░В р░Ър▒Зр░╕р▒Нр░др░╛р░░р▒Лр░ир░ир▒Нр░и р░нр░пр░В р░▓р▒Зр░жр▒Б...ЁЯШО

р░жр▒Зр░╢р░В р░Хр▒Лр░╕р░ор▒З р░кр▒Бр░Яр▒Нр░Яр░╛р░ор▒Б р░Ер░ир▒З р░Ж р░Чр░░р▒Нр░╡р░В р░Ър▒Вр░╕р▒Нр░др▒З р░Ър░╛р░▓р▒Б р░╢р░др▒Нр░░р▒Бр░╡р▒Бр░Хр▒Б р░╡р▒Жр░ир▒Нр░ир▒БтАж",positive,positive
te,р░Ер░Вр░жр░░р░┐р░Хр▒А р░╣р▒Гр░жр░пр░кр▒Вр░░р▒Нр░╡р░Х  р░Жр░╣р▒Нр░╡р░╛р░ир░В  : 28-02-2019 : 9:45 AM. р░ир▒Жр░▓р▒Нр░▓р▒Вр░░р▒Б р░╕р░┐р░Яр░┐ ; р░Жр░Вр░зр▒Нр░░ р░кр▒Нр░░р░жр▒Зр░╢р▒Н ; р░Зр░Вр░бр░┐р░пр░╛. https://t.co/8qVrPOd3zi,neutral,neutral
te,RT @JanasenaMahila: р░кр▒Нр░░р░Ьр░▓ р░нр░╛р░╡р░╛р░╡р▒Зр░╢р░╛р░▓р░др▒Л р░Жр░бр▒Бр░Хр▒Бр░ир▒З р░ир░╛р░пр░Хр▒Бр░▓р▒Б р░╡р░╛р░░р░┐ р░ор░ир░╕р▒Бр░▓р▒Б р░Чр░╛р░пр░кр░бр▒Бр░др▒Бр░ир▒Нр░ир░╛ ... р░╡р░╛р░░р░┐ р░▓р▒Жр░Хр▒Нр░Хр░▓р▒Б р░╡р░╛р░░р░┐р░╡р▒З ...р░кр▒Нр░░р░Ьр░▓р░ир▒Б р░ир░┐р░▓р▒Бр░╡р▒Бр░ир░╛ р░ор░╛р░пр░Ър▒Зр░╕р░┐ р░ор▒Бр░Вр░Ър▒Жр░пр▒Нр░птАж,negative,negative
te,"RT @TwoodTrolls: "" #Abhinandan р░ир░┐ р░др░Хр▒Нр░╖р░гр░В р░╡р░┐р░бр▒Бр░жр░▓ р░Ър▒Жр░пр▒Нр░пр░Хр░кр▒Лр░др▒З р░пр▒Бр░жр▒Нр░зр░В р░Ер░ир░┐р░╡р░╛р░░р▒Нр░пр░В "" р░Ер░ир░┐ р░кр▒Нр░░р░зр░╛р░и р░ор░Вр░др▒Нр░░р░┐ р░Яр▒Нр░╡р▒Ар░Яр▒Н р░Ър▒Зр░╢р░╛р░░р▒Б р░Ер░Вр░Яр▒В р░жр░╛р░ир░┐ р░ор▒Ар░ж debate р░кр▒Жр░Яр▒Нр░Яр░┐тАж",neutral,neutral
te,RT @JanasenaMahila: р░кр▒Нр░░р░Ьр░▓ р░нр░╛р░╡р░╛р░╡р▒Зр░╢р░╛р░▓р░др▒Л р░Жр░бр▒Бр░Хр▒Бр░ир▒З р░ир░╛р░пр░Хр▒Бр░▓р▒Б р░╡р░╛р░░р░┐ р░ор░ир░╕р▒Бр░▓р▒Б р░Чр░╛р░пр░кр░бр▒Бр░др▒Бр░ир▒Нр░ир░╛ ... р░╡р░╛р░░р░┐ р░▓р▒Жр░Хр▒Нр░Хр░▓р▒Б р░╡р░╛р░░р░┐р░╡р▒З ...р░кр▒Нр░░р░Ьр░▓р░ир▒Б р░ир░┐р░▓р▒Бр░╡р▒Бр░ир░╛ р░ор░╛р░пр░Ър▒Зр░╕р░┐ р░ор▒Бр░Вр░Ър▒Жр░пр▒Нр░птАж,negative,negative
te,RT @JanaSenaParty: р░╡р▒Зр░Яр░Хр▒Бр░Хр▒Нр░Хр░▓р░ир▒Б р░Хр▒Бр░Вр░жр▒Зр░│р▒Нр░▓р▒Б р░др░░р░┐р░ор░┐р░Хр▒Кр░Яр▒Нр░Яр░┐р░и р░ир▒Зр░▓ р░ор░и р░░р░╛р░пр░▓р░╕р▒Ар░о р░ир▒Зр░▓. р░Ер░▓р░╛р░Вр░Яр░┐ р░░р░╛р░пр░▓р░╕р▒Ар░ор░ир▒Б р░лр▒Нр░пр░╛р░Хр▒Нр░╖р░ир▒Н р░░р░╛р░Ьр░Хр▒Ар░пр░╛р░▓ р░ир▒Бр░Вр░бр░┐ р░╡р░┐р░ор▒Бр░Хр▒Нр░др░┐ р░Ър▒Зр░жр▒Нр░жр░╛р░В - @PawтАж,positive,positive
te,RT @JanaSenaParty: р░Зр░кр▒Нр░кр░Яр░┐р░╡р░░р░Хр▒Б р░Ер░зр░┐р░Хр░╛р░░р░В р░Ър▒Вр░бр░ир░┐ р░мр░бр▒Бр░Чр▒Б р░мр░▓р░╣р▒Ар░и р░╡р░░р▒Нр░Чр░╛р░▓ р░ир▒Бр░Вр░бр░┐ р░╕р░░р░┐р░Хр▒Кр░др▒Нр░д р░ир░╛р░пр░Хр░др▒Нр░╡р░╛р░ир▒Нр░ир░┐ р░ир▒Зр░ир▒Б р░др░пр░╛р░░р▒Б р░Ър▒Зр░╕р▒Нр░др░╛р░ир▒Б р░Ер░ир░┐ р░ор░╛р░Яр░┐р░╕р▒Нр░др▒Бр░ир▒Нр░ир░╛р░ир▒Б - @PawanKтАж,positive,neutral
te,"RT @JanaSenaParty: р░╕р▒Ар░о р░кр▒Нр░░р░Ьр░▓р▒Нр░ир░┐ р░жр░╛р░░р░┐р░жр▒Нр░░р▒Нр░пр░Вр░▓р▒Лр░Хр░┐ р░ир▒Жр░Яр▒Нр░Яр░┐ р░Хр▒Кр░Вр░жр░░р▒Б р░ир░╛р░пр░Хр▒Бр░▓р▒Б р░Жр░░р▒Нр░ер░┐р░Хр░Вр░Чр░╛ р░Ор░жр▒Бр░Чр▒Бр░др▒Бр░ир▒Нр░ир░╛р░░р▒Б.
#JanaSenaPorataYatra https://t.co/QE6j1gmpLl",negative,negative
te,"RT @JanaSenaParty: JanaSena Chief @PawanKalyan schedule (Feb 28th)

3 PM : 

р░░р░╛р░Ьр░Вр░кр▒Зр░Я р░░р▒Лр░бр▒Н р░╖р▒Л 

4 PM : 
 
*р░░р▒Ир░▓р▒Нр░╡р▒З р░Хр▒Лр░бр▒Вр░░р▒Б р░▓р▒Л р░░р▒Лр░бр▒Н р░╖р▒Л 

* р░кр░╛р░дтАж",neutral,neutral
te,RT @IYRKRao: р░Ьр▒Лр░ир▒Б р░Зр░Ър▒Нр░Ър░┐р░ир░др░░р▒Бр░╡р░╛р░др░ир░╖р▒Нр░Яр░В р░Йр░ир▒Нр░и  р░░р▒Ир░▓р▒Нр░╡р▒Зр░╢р░╛р░Ц р░нр░░р░┐р░╕р▒Нр░др▒Бр░Вр░жр░┐. р░▓р░╛р░нр░В р░Йр░ир▒Нр░ир░╡р░╛р░│р▒Нр░▓р▒З р░др▒Ар░╕р▒Бр░Хр▒Бр░Вр░Яр░╛р░░р▒Б.р░ир░╛ р░жр▒Гр░╖р▒Нр░Яр░┐р░▓р▒Л р░Зр░жр░┐ р░Жр░╡р▒Зр░╢р░кр▒Вр░░р░┐р░др░ор▒Ир░ир░╕р▒Нр░ер░╛р░пр░┐р░Хр░┐ р░др▒Ар░╕р▒Бр░Хр▒Кр░ир░┐тАж,neutral,neutral
te,"RT @VSReddy_MP: р░Ор░ир▒Нр░ир░┐р░Хр░▓ р░Хр▒Нр░░р░др▒Бр░╡р▒Б р░ор▒Бр░Чр░┐р░╕р▒З р░▓р▒Лр░Чр░╛ р░Ър░Вр░жр▒Нр░░р░мр░╛р░мр▒Б р░Ор░Яр▒Бр░╡р░Вр░Яр░┐ р░жр▒Бр░░р▒Нр░ор░╛р░░р▒Нр░Чр░╛р░ир░┐р░Хр▒Ир░ир░╛ р░Тр░бр░┐р░Чр░бр░др░╛р░бр▒Б. р░Ур░Яр░░р▒Нр░▓ р░Ьр░╛р░мр░┐р░др░╛ р░др░╛р░░р▒Бр░ор░╛р░░р▒Б, р░╡р▒Ир░Ор░╕р▒Нр░╕р░╛р░░р▒Н р░Хр░╛р░Вр░Чр▒Нр░░р▒Жр░╕р▒Н р░ир░╛р░пр░Хр▒БтАж",negative,positive
te,"RT @JanaSenaParty: р░кр▒Нр░░р░др░┐ р░Ер░Вр░зр▒Нр░░р░кр▒Нр░░р░жр▒Зр░╢р▒Н р░кр▒Мр░░р▒Бр░бр░┐р░Хр░┐ р░╕р░Вр░╡р░др▒Нр░╕р░░р░╛р░ир░┐р░Хр░┐ 10 р░▓р░Хр▒Нр░╖р░▓ р░нр▒Ар░ор░╛, 5 р░╕р░Вр░╡р░др▒Нр░╕р░░р░╛р░▓р░Хр░┐ 50 р░▓р░Хр▒Нр░╖р░▓ р░нр▒Ар░ор░╛. р░Ьр░ир░╕р▒Ир░ир░┐р░Хр▒Бр░▓р░др▒Лр░ир▒З р░ор▒Кр░жр░▓р▒Б р░кр▒Жр░бр▒Бр░др▒Бр░ир▒Нр░ир░╛ - @PтАж",positive,positive
te,RT @JanasenaMahila: р░кр▒Нр░░р░Ьр░▓ р░нр░╛р░╡р░╛р░╡р▒Зр░╢р░╛р░▓р░др▒Л р░Жр░бр▒Бр░Хр▒Бр░ир▒З р░ир░╛р░пр░Хр▒Бр░▓р▒Б р░╡р░╛р░░р░┐ р░ор░ир░╕р▒Бр░▓р▒Б р░Чр░╛р░пр░кр░бр▒Бр░др▒Бр░ир▒Нр░ир░╛ ... р░╡р░╛р░░р░┐ р░▓р▒Жр░Хр▒Нр░Хр░▓р▒Б р░╡р░╛р░░р░┐р░╡р▒З ...р░кр▒Нр░░р░Ьр░▓р░ир▒Б р░ир░┐р░▓р▒Бр░╡р▒Бр░ир░╛ р░ор░╛р░пр░Ър▒Зр░╕р░┐ р░ор▒Бр░Вр░Ър▒Жр░пр▒Нр░птАж,negative,negative
te,@ananyakalu @VSReddy_MP р░ир▒Ар░Хр▒Б р░ор░┐ р░ир░╛р░пр░Хр▒Бр░бр░┐р░Хр░┐ р░кр░┐р░Ър▒Нр░Ър░┐ р░ор▒Жр░Вр░Яр░▓р▒Н р░Ер░ир▒Нр░ир░┐ р░др▒Жр░▓р▒Бр░Чр▒Б р░жр▒Нр░░р▒Лр░╣р▒Бр░▓ р░кр░╛р░░р▒Нр░Яр▒А р░╕р░┐р░Чр▒Нр░Чр▒Б р░▓р▒Зр░ир░┐ р░кр░╛р░░р▒Нр░Яр▒А,negative,neutral
te,"RT @UttarandhraNow: р░░р▒Ир░▓р▒Нр░╡р▒З р░Ьр▒Лр░ир▒Н р░╡р░Ър▒Нр░Ър░┐р░Вр░жр░┐ р░Ър░Вр░жр▒Нр░░р░мр░╛р░мр▒Б р░жр░пр░╡р░▓р░и
- @RamMNK 

р░жр░┐р░Хр▒Нр░Хр▒Бр░ор░╛р░▓р░┐р░и р░░р▒Ир░▓р▒Нр░╡р▒З р░Ьр▒Лр░ир▒Н р░Зр░╕р▒Нр░др▒З р░Ер░Вр░др▒З, р░Зр░╡р▒Нр░╡р░Хр░кр▒Лр░др▒З р░Ор░Вр░д
- @naralokesh https:тАж",negative,negative
